forecast_time,p_1,p_2,p_3,p_4,p_5,p_6,p_7,p_8,p_9,p_10,p_11,p_12,p_13,p_14,p_15,p_16,p_17,p_18,p_19,p_20,p_21,p_22,p_23,p_24,p_25,p_26,p_27,p_28,p_29,p_30,p_31,p_32,p_33,p_34,p_35,p_36,p_37,p_38,p_39,p_40,p_41,p_42,p_43,p_44,p_45,p_46,p_47,p_48,p_49,p_50,p_51,p_52,p_53,p_54,p_55,p_56,p_57,p_58,p_59,p_60,p_61,p_62,p_63,p_64,p_65,p_66,p_67,p_68,p_69,p_70,p_71,p_72,p_73,p_74,p_75,p_76,p_77,p_78,p_79,p_80,p_81,p_82,p_83,p_84,p_85,p_86,p_87,p_88,p_89,p_90,p_91,p_92,p_93,p_94,p_95,p_96,p_97,p_98,p_99
h0,0,0,0,0,0,0,0,0,0,0,0,0,0,0,0,0,0,0,0,0,0,0,0,0,0,0,0,0,0,0,0,0,0,0,0,0,0,0,0,0,0,0,0,0,0,0,0,0,0,0,0,0,0,0,0,0,0,0,0,0,0,0,0,0,0,0,0,0,0,0,0,0,0,0,0,0,0,0,0,0,0,0,0,0,0,0,0,0,0,0,0,0,0,0,0,0,0,0,0
h1,0,0,0,0,0,0,0,0,0,0,0,0,0,0,0,0,0,0,0,0,0,0,0,0,0,0,0,0,0,0,0,0,0,0,0,0,0,0,0,0,0,0,0,0,0,0,0,0,0,0,0,0,0,0,0,0,0,0,0,0,0,0,0,0,0,0,0,0,0,0,0,0,0,0,0,0,0,0,0,0,0,0,0,0,0,0,0,0,0,0,0,0,0,0,0,0,0,0,0
h2,0,0,0,0,0,0,0,0,0,0,0,0,0,0,0,0,0,0,0,0,0,0,0,0,0,0,0,0,0,0,0,0,0,0,0,0,0,0,0,0,0,0,0,0,0,0,0,0,0,0,0,0,0,0,0,0,0,0,0,0,0,0,0,0,0,0,0,0,0,0,0,0,0,0,0,0,0,0,0,0,0,0,0,0,0,0,0,0,0,0,0,0,0,0,0,0,0,0,0
h3,0,0,0,0,0,0,0,0,0,0,0,0,0,0,0,0,0,0,0,0,0,0,0,0,0,0,0,0,0,0,0,0,0,0,0,0,0,0,0,0,0,0,0,0,0,0,0,0,0,0,0,0,0,0,0,0,0,0,0,0,0,0,0,0,0,0,0,0,0,0,0,0,0,0,0,0,0,0,0,0,0,0,0,0,0,0,0,0,0,0,0,0,0,0,0,0,0,0,0
h4,0,0,0,0,0,0,0,0,0,0,0,0,0,0,0,0,0,0,0,0,0,0,0,0,0,0,0,0,0,0,0,0,0,0,0,0,0,0,0,0,0,0,0,0,0,0,0,0,0,0,0,0,0,0,0,0,0,0,0,0,0,0,0,0,0,0,0,0,0,0,0,0,0,0,0,0,0,0,0,0,0,0,0,0,0,0,0,0,0,0,0,0,0,0,0,0,0,0,0
h5,0,0,0,0,0,0,0,0,0,0,0,0,0,0,0,0,0,0,0,0,0,0,0,0,0,0,0,0,0,0,0,0,0,0,0,0,0,0,0,0,0,0,0,0,0,0,0,0,0,0,0,0,0,0,0,0,0,0,0,0,0,0,0,0,0,0,0,0,0,0,0,0,0,0,0,0,0,0,0,0,0,0,0,0,0,0,0,0,0,0,0,0,0,0,0,0,0,0,0
h6,5418.431743,5434.993401,5437.959919,5439.549665,5442.343611,5446.288087,5449.690104,5453.043196,5456.107409,5458.463835,5461.0648,5462.246029,5470.073854,5480.053043,5480.379224,5481.184377,5483.628582,5498.086526,5498.473946,5500.911163,5509.069257,5519.103894,5524.048265,5526.185349,5532.103707,5533.385756,5535.101957,5554.512661,5559.945231,5565.784013,5567.607866,5577.034954,5583.378955,5585.676236,5592.780554,5596.144834,5605.795321,5611.54903,5641.417205,5656.505603,5660.004373,5687.229476,5687.417075,5695.672579,5738.065776,5738.521368,5749.504462,5753.741491,5754.506202,5789.049164,5790.894055,5793.211669,5798.906385,5838.806845,5845.26877,5847.028347,5866.87942,5870.044969,5870.856165,5888.909252,5889.724727,5900.033216,5902.26543,5921.384743,5923.138136,5950.697903,5981.757898,6003.394305,6022.440324,6053.874472,6076.675747,6121.641495,6133.334017,6140.134154,6157.386781,6175.321039,6233.35749,6249.815568,6295.955904,6313.389733,6364.036319,6411.412466,6427.73458,6476.127016,6517.809249,6531.704166,6544.916359,6568.713717,6614.648529,6662.266199,6703.165897,6905.358646,6918.373538,7014.792068,7016.793444,7118.19445,7182.184822,7184.986636,7194.866193
h7,22762.8352,22763.37196,22766.45758,22770.25692,22793.47567,22797.9599,22862.52905,22866.37995,22894.62682,22897.71835,22898.96469,22910.53712,22931.7486,22956.25309,22961.53609,22975.27622,22989.42149,23009.21364,23028.27274,23045.09578,23058.64379,23089.85132,23101.57404,23108.26047,23204.56021,23231.69928,23242.21645,23256.89769,23287.11402,23310.22712,23332.97885,23340.38859,23407.74445,23428.56184,23465.11838,23474.31932,23511.30454,23534.33458,23599.40619,23632.69814,23636.80381,23649.61965,23668.91196,23672.19835,23697.06264,23700.11095,23780.79596,23807.2294,23852.62461,23875.13744,23904.86839,23907.47374,23923.95196,23937.06216,23956.45334,23991.63561,24028.67453,24095.58918,24105.99449,24178.11298,24279.07853,24334.56863,24340.26311,24342.50135,24477.26222,24487.74429,24578.67052,24727.51597,24739.16394,24905.77257,24915.92246,24970.44941,24978.44839,25094.45895,25118.79647,25184.07524,25188.59213,25236.18952,25241.10859,25241.43304,25391.7891,25416.41195,25440.26702,25537.75371,25552.9912,25626.90226,25684.25001,25824.25748,25852.67095,25902.63905,25930.19049,26146.32669,26265.85711,26525.18259,26542.99462,26571.01378,26644.47505,28866.46916,29951.57222
h8,27064.66404,27115.34128,27139.67388,27188.42508,27205.54947,27252.08462,27260.39102,27287.63729,27316.68135,27481.74465,27576.00977,27606.32867,27611.33987,27633.06988,27651.87248,27677.01194,27713.87598,27773.46947,27779.91322,27877.40478,27948.33831,27992.99332,28001.03329,28137.8143,28328.53673,28377.43397,28457.59034,28676.35512,28857.73616,28973.92802,29050.6723,29170.4715,29172.49509,29211.62022,29236.2146,29371.88084,29499.87477,29547.99123,29672.02902,29750.69694,29781.73734,29932.12432,29980.76444,30117.2633,30130.94025,30147.08858,30380.46438,30545.10377,30634.62363,30728.68784,30855.24456,30873.85796,30942.44853,31005.83161,31079.77394,31148.55852,31186.87966,31459.18147,31517.87461,31536.59135,31639.05072,31684.86202,31790.07241,31822.37384,31860.32583,31977.7455,32037.09303,32094.97576,32243.54205,32277.9121,32399.13446,32412.90359,32430.71402,32779.59474,32855.80558,32881.55764,32998.83346,33051.07038,33109.95643,33217.86189,33252.14858,33256.08064,33357.23031,33496.20116,33610.7268,33756.03127,33955.35008,34134.46741,34291.79478,34714.01629,34733.77835,34926.37325,34963.36184,34981.73523,35232.77156,35312.54026,35561.62431,35738.43332,36014.45379
h9,31910.12031,32198.74571,32220.6039,32234.31327,32271.33154,32336.95287,32440.24648,32501.69234,32566.9344,32623.82574,32720.82152,32740.90237,32798.87686,32830.44809,32947.90249,32985.04147,32996.62529,33012.3397,33047.91699,33062.90092,33173.74994,33181.85886,33215.00043,33379.06878,33446.11843,33471.20907,33495.92653,33566.94167,33641.93807,33961.12582,34001.51865,34104.7117,34171.98673,34233.86221,34345.59957,34400.52658,34450.69366,34634.79382,34660.55884,34703.75394,34730.58238,34787.89193,34802.08885,34839.89422,34850.76383,34870.77473,35011.5795,35036.25433,35158.22435,35202.82371,35336.68235,35477.96149,35545.73421,36036.21822,36143.22178,36241.54227,36289.24946,36303.52566,36335.90207,36390.48131,36565.66152,36658.60787,36664.46273,36792.29044,36844.25019,36846.57748,36877.19916,36979.22779,37194.62705,37216.66961,37330.51578,37332.92367,37370.72719,37410.88442,37502.81269,37606.58126,37731.21475,37827.7681,38066.781,38075.13281,38132.12347,38162.2055,38535.56837,38603.8717,38604.29123,38692.47732,38708.45957,39249.27216,39387.62534,39606.05206,39655.94517,39717.60484,39799.10868,39846.67346,40388.91837,40463.03862,40582.87909,40638.91352,40712.95441
h10,33238.67686,33333.04502,33523.71224,33654.37475,33743.78707,34002.84538,34007.672,34093.70541,34147.56211,34186.66841,34237.22354,34286.60378,34633.66556,34666.40748,34675.83914,34707.10935,34765.84192,34805.76225,34807.09513,34863.06771,34949.54913,35022.85533,35127.7364,35142.48961,35300.18209,35317.37933,35380.00865,35475.24121,35489.44728,35681.70104,35696.63414,35699.51059,35770.41564,35793.38167,35830.39361,35867.67309,35938.72984,36151.64981,36245.19923,36317.9511,36355.58819,36424.44966,36536.00082,36592.5208,36830.38442,36952.84119,36986.68385,37231.4495,37279.68158,37343.6791,37847.69565,37849.64375,37991.9058,38009.57071,38030.13708,38049.83149,38238.36757,38387.37326,38477.89005,38703.58272,38856.64565,38866.2292,39121.73972,39218.64399,39525.55345,39609.1952,39681.88049,39714.13118,39728.09879,40085.14964,40192.79502,40342.86806,40411.09459,40671.61951,40696.89512,40936.54707,40942.7305,41018.4717,41517.08946,41600.00268,41648.52758,42236.77707,42349.70303,42384.43473,42404.81972,42614.84433,42892.02536,43120.8648,43551.1976,43661.88247,43756.66527,43792.07753,43942.74563,43964.12399,44015.63812,44053.9801,44095.47385,44171.94591,44427.39093
h11,33385.74656,33420.99556,33650.82436,33797.97971,34133.77802,34170.70024,34426.1705,34541.11738,34633.69602,34912.90116,35039.99235,35048.00469,35113.50949,35126.48308,35205.00353,35349.2885,35397.6853,35447.25395,35459.05776,35489.95673,35574.36462,35803.90989,35922.5736,35937.25641,36008.2213,36037.76046,36084.02434,36103.94673,36155.56299,36436.78912,36702.48198,36753.87426,36822.45459,36862.26822,37012.50992,37027.95249,37154.99003,37526.34233,37597.45847,37697.35475,37719.39621,37835.48979,38108.49,38143.14374,38203.05688,38217.48722,38294.25656,38295.14422,38548.00772,38560.098,38606.69876,38762.92371,38799.44506,38898.41612,38947.28573,39082.73022,39242.97587,39491.04683,39550.52971,39700.32685,39960.41566,40051.60306,40152.32568,40162.05249,40222.23057,40232.74596,40253.26595,40276.57795,40367.23678,40383.85735,40432.23677,40693.41705,41036.35155,41045.56623,41048.08389,41050.28152,41402.22671,41539.15664,41539.2463,41681.5443,41919.11094,42126.31387,42339.35209,42357.5558,42437.08182,43121.32081,43396.9872,43412.17964,43470.60802,43475.08946,44232.58407,44607.27581,44635.0087,45154.9831,45312.58424,45426.27222,45718.11472,45837.05801,45986.49357
h12,35471.42846,35523.51773,35549.90792,35629.89743,35635.29926,35766.05082,35808.10191,35893.81386,36039.89843,36171.22158,36203.45032,36285.57661,36351.24563,36403.94976,36407.77037,36494.35124,36628.18573,36700.32558,36706.8288,36881.17439,36961.75089,37266.66008,37334.23099,37334.34887,37346.89246,37359.43475,37392.07193,37656.24484,37774.7768,37853.07794,37925.33217,37979.5042,38002.56956,38017.27116,38069.90835,38131.74269,38162.36572,38168.13068,38265.78283,38350.84695,38376.6268,38381.47076,38501.78946,38516.19023,38539.20316,38553.97248,38630.31006,38646.41657,38649.17859,38741.19763,38825.11301,38847.92889,39080.95656,39087.25072,39172.01576,39234.95653,39241.08878,39327.76146,39358.29325,39533.37929,39561.52971,39562.46902,39645.99543,39675.63517,39684.24499,39889.71379,39993.44658,40261.39678,40290.65285,40318.48064,40517.78896,40728.0935,40917.77762,41011.58193,41018.17568,41147.39442,41172.02673,41207.62851,41243.59867,41342.20778,41385.29594,41493.25621,41497.93556,41541.22841,41969.24266,42100.0597,42180.45197,42422.44689,42475.26963,42558.52818,42595.60312,42758.49257,42760.48525,42770.17262,42868.75775,43092.25304,43318.60222,43711.59628,43861.16097
h13,31341.48009,31460.174,31549.16649,32021.21126,32028.03029,32233.16089,32536.17845,32849.85989,32867.11888,32946.39037,33108.68639,33151.69001,33618.79032,33698.59329,33762.12631,33919.06196,33947.56899,33969.69408,34203.28205,34573.0776,34578.04099,34625.30583,34627.98577,34646.48342,35029.31684,35081.79646,35173.25755,35343.00324,35363.4043,35413.10276,35671.67641,35728.37343,36075.5627,36343.78871,36345.41808,36480.26093,36712.66063,36759.33301,37010.59189,37020.79483,37217.16501,37219.37625,37599.0147,37605.14863,37645.16503,37716.37709,38110.62295,38136.23558,38230.57881,38490.20091,38599.33553,38884.31939,39029.1371,39225.22536,39328.65139,39497.36471,39561.36358,39849.85448,39868.72509,39899.4178,40155.72038,40160.08361,40381.79549,40590.35381,40590.45656,40616.35686,40728.52369,40800.66178,40832.66185,40948.84458,40965.06805,41239.73772,41317.32296,41403.08906,41509.7884,41513.54098,41594.3212,41763.1357,41818.49814,42092.54023,42371.47292,42376.13088,42432.11386,42813.57428,42912.92317,42968.44479,43236.1176,43318.76872,43608.31791,43655.57149,43857.04349,43860.36185,44803.43661,44823.04108,44832.50279,44862.80848,45019.71251,45318.51707,45464.66297
h14,36958.22013,36961.72795,37005.16037,37037.81706,37135.36137,37206.81906,37232.50547,37284.0027,37359.27289,37390.16539,37447.27774,37524.22508,37636.29452,37640.16438,37641.0413,37677.82615,37688.32377,37702.33989,37754.96804,37762.11453,37769.27713,37790.76737,37886.29992,37899.67407,37970.35617,37984.49076,37997.77734,37998.36234,38036.17856,38075.75132,38120.23217,38138.59187,38193.16379,38269.78146,38304.858,38322.53491,38407.38567,38441.32545,38515.76169,38584.10195,38587.69605,38599.59683,38623.47791,38632.36614,38640.27424,38711.24452,38752.48966,38773.57105,38817.15975,38825.74894,38882.6123,38900.99881,38941.22431,38953.39617,38958.79083,38965.01263,38986.10335,39009.82303,39041.48304,39073.89328,39114.27035,39141.78364,39177.70408,39193.00369,39198.24297,39222.30376,39255.54365,39270.0335,39280.35988,39280.46277,39464.83591,39525.41203,39627.16117,39667.08656,39700.89374,39729.25876,39745.45998,39768.56041,39835.49452,39852.35061,39885.651,39922.29956,40043.65167,40105.00668,40204.9327,40243.37116,40322.87152,40324.56046,40333.42888,40386.07129,40417.9898,40498.95189,40596.91409,40600.60049,40653.81655,40892.40245,40918.32037,41056.43901,41407.32486
h15,32554.70664,32929.17366,32963.59007,33044.29417,33088.57529,33140.53889,33180.14772,33197.64946,33333.78422,33398.99057,33456.71727,33484.53166,33538.65397,33721.1586,33736.77322,33803.09316,33858.83272,33998.84714,34003.92506,34254.58245,34352.04511,34357.00103,34397.96802,34523.56115,34774.69256,34901.16959,34973.32604,34991.33198,35066.47731,35091.3786,35102.58607,35262.10853,35367.84168,35385.02942,35398.80181,35455.51611,35529.99046,35874.08518,35961.19013,36003.59913,36338.75779,36396.3179,36511.09805,36624.52016,36649.75614,36981.19398,37047.28363,37093.83311,37614.92161,37704.26065,37786.99317,37820.14512,37827.21091,38009.98724,38138.77888,38252.85034,38431.07832,38554.41179,38650.29127,38652.06934,38705.15527,38767.92231,38778.37233,38944.38818,39115.60186,39245.88949,39332.23203,39447.12225,39460.93524,39540.44555,39603.90845,39661.2189,39684.78212,39867.82894,39946.50569,40109.6804,40130.15457,40421.58693,40537.80136,40812.81473,40975.0585,40986.98323,41030.54442,41090.61293,41448.43535,41594.28073,42254.18128,42417.59527,42443.95056,42628.13286,42682.70661,42723.99572,42724.52338,43069.02941,43118.54022,43274.82401,43313.08184,43366.2148,43421.51464
h16,28432.96368,28536.67005,28661.60942,28687.9129,28898.77167,28921.41612,28943.35782,29117.89243,29185.98931,29229.12193,29339.94938,30141.87035,30166.50236,30341.71847,30419.1105,30434.90524,30510.76692,31115.22298,31295.80503,31370.16571,31626.74814,31768.5288,31773.51924,31859.89267,31973.13783,32094.01693,32655.46251,32711.16348,32902.60824,33133.88092,33306.55104,33581.36447,33599.60813,33694.92382,34155.16492,34194.26824,34672.80803,34732.3705,34751.04999,34794.54754,34877.94381,35056.92523,35281.48438,35314.21741,35416.57617,35506.5912,35910.50199,36002.221,36008.25393,36017.01566,36037.9655,36326.03984,36402.27057,36488.0753,36565.17281,36688.49257,36722.45199,36731.43734,36761.22635,36785.10719,37040.65388,37062.10787,37388.28491,37637.78121,37889.29049,37911.6388,37912.6517,37934.59934,38068.42403,38167.76076,38235.2693,38266.54934,38415.88014,38444.74553,38490.25819,38639.69875,38668.05603,38699.5504,38919.23971,39278.489,39559.61222,39672.37923,39752.90341,39995.75021,40126.13451,40158.77104,40182.02399,40447.36664,40561.06103,40869.24058,41032.6477,41191.24273,41439.69733,41629.0548,41700.17909,41710.96309,41931.69396,41999.17498,42089.82209
h17,24312.7021,24359.35226,24996.29346,25002.31894,25125.07917,25226.16675,25511.04789,25522.02673,25575.82235,25589.45495,25684.37091,25805.34681,26208.81825,26240.40521,26257.63448,26406.51822,26550.02306,26656.97013,27015.60159,27111.03804,27148.17473,27192.32066,27243.97766,27285.43267,27521.189,27535.91002,27571.01951,27692.54837,27790.28301,27794.14615,27885.19655,28242.04102,28405.73959,28523.3297,28738.36715,28743.40899,28887.89003,28904.71842,29007.84643,29153.52298,29219.9911,29259.46219,29389.62464,29456.20618,29486.41387,29786.38574,30187.76577,30333.96785,30372.4504,30570.71763,30691.64899,30705.47546,30729.05865,30741.21709,30783.98558,30793.37925,30803.37685,30864.41844,30940.2431,30992.13806,31087.90825,31166.10623,31211.86895,31319.27922,31369.67188,31423.27001,31440.37075,31494.7473,31598.82578,31710.03202,31797.13627,31821.19467,31935.50242,31952.35722,31982.8883,32179.31019,32355.1147,32554.39022,32709.57233,32732.37903,33004.47059,33142.8009,33153.135,33174.57365,33306.1409,33329.68816,33704.48589,33858.48864,33960.47691,33964.71261,34064.07251,34088.60722,34197.32838,34216.66762,34458.15552,34548.50089,34928.87091,35346.48156,35436.96755
h18,13999.3519,14155.52158,14396.9439,14419.41501,14605.82261,14712.83503,15103.5744,15405.40465,15513.89894,15741.47971,15994.46854,16134.5654,16237.88002,16272.75878,16548.51085,16634.52819,16852.32117,17110.67615,17223.6394,17784.32892,17787.68766,17909.1962,18152.2092,18376.27567,18464.76518,18520.096,18749.74913,18919.71035,18962.07314,19111.86019,19234.33624,19340.57045,19341.47139,19342.32695,19395.30543,19527.60583,19608.67387,19641.67657,19896.96248,19929.87354,19988.94609,20003.38251,20198.1095,20267.51124,20688.91941,20830.47327,20951.78182,21047.57366,21305.07898,21322.94809,21605.53608,21650.43832,21715.33047,21728.54505,21832.47296,21846.8113,21883.62413,21960.25058,21997.83447,22016.67229,22070.28366,22218.44653,22331.77353,22538.04484,22543.13509,22550.27752,22587.08422,22587.25794,22660.44586,22707.4315,22717.21964,22730.75695,22772.40724,22820.92068,23080.4169,23099.30105,23140.92589,23155.89162,23258.83245,23355.75931,23439.58998,23538.13031,23559.83887,23605.98601,23643.78573,23673.89109,23690.54109,23744.29471,23802.73035,23868.09038,23927.78214,24051.66485,24100.00103,24240.45258,24244.17423,24246.96821,24521.30055,24533.95259,24607.52362
h19,1057.928312,1314.728921,1354.889563,1387.716565,1455.369195,1658.827518,1979.199889,2110.457959,2114.998811,2183.683607,2242.043615,2288.68919,2289.299897,2473.600595,2644.389371,2692.705723,2704.610269,2738.603798,2803.43895,2883.852931,2985.840861,3052.179818,3105.037526,3307.210229,3435.741122,3611.134167,3794.689178,3802.330336,3826.439676,3826.516419,4127.961456,4251.058714,4345.361099,4454.487749,4454.930428,4455.59115,4724.138478,4752.937429,4773.905995,4804.534488,4815.834503,4821.388062,4895.485861,4897.501073,4905.923278,4917.62129,4951.931438,4977.075372,5138.296194,5300.993986,5349.24475,5381.156437,5495.255195,5541.075994,5572.220461,5622.591798,5688.300023,5704.311815,5758.771427,5831.396358,5835.362036,5855.089241,5906.6094,5963.11656,5993.227187,6045.350887,6071.176924,6084.65666,6111.915699,6132.876556,6162.298445,6187.510018,6202.761356,6259.965128,6288.347557,6466.517498,6474.433933,6540.026768,6608.297398,6626.704374,6716.654338,6791.856379,6801.320503,6814.689069,6824.053288,6899.182357,6904.631894,6931.719393,7055.480628,7056.843883,7165.127913,7187.742558,7215.969952,7252.966537,7396.276975,7412.075856,7469.602361,7493.444898,7499.06556
h20,0,0,0,0,0,0,0,0,0,0,0,0,0,0,0,0,0,0,0,0,0,0,0,0,0,0,0,0,0,0,0,0,0,0,0,0,0,0,0,0,0,0,0,0,0,0,0,0,0,0,0,0,0,0,0,0,0,0,0,0,0,0,0,0,0,0,0,0,0,0,0,0,0,0,0,0,0,0,0,0,0,0,0,0,0,0,0,0,0,0,0,0,0,0,0,0,0,0,0
h21,0,0,0,0,0,0,0,0,0,0,0,0,0,0,0,0,0,0,0,0,0,0,0,0,0,0,0,0,0,0,0,0,0,0,0,0,0,0,0,0,0,0,0,0,0,0,0,0,0,0,0,0,0,0,0,0,0,0,0,0,0,0,0,0,0,0,0,0,0,0,0,0,0,0,0,0,0,0,0,0,0,0,0,0,0,0,0,0,0,0,0,0,0,0,0,0,0,0,0
h22,0,0,0,0,0,0,0,0,0,0,0,0,0,0,0,0,0,0,0,0,0,0,0,0,0,0,0,0,0,0,0,0,0,0,0,0,0,0,0,0,0,0,0,0,0,0,0,0,0,0,0,0,0,0,0,0,0,0,0,0,0,0,0,0,0,0,0,0,0,0,0,0,0,0,0,0,0,0,0,0,0,0,0,0,0,0,0,0,0,0,0,0,0,0,0,0,0,0,0
h23,0,0,0,0,0,0,0,0,0,0,0,0,0,0,0,0,0,0,0,0,0,0,0,0,0,0,0,0,0,0,0,0,0,0,0,0,0,0,0,0,0,0,0,0,0,0,0,0,0,0,0,0,0,0,0,0,0,0,0,0,0,0,0,0,0,0,0,0,0,0,0,0,0,0,0,0,0,0,0,0,0,0,0,0,0,0,0,0,0,0,0,0,0,0,0,0,0,0,0
h24,0,0,0,0,0,0,0,0,0,0,0,0,0,0,0,0,0,0,0,0,0,0,0,0,0,0,0,0,0,0,0,0,0,0,0,0,0,0,0,0,0,0,0,0,0,0,0,0,0,0,0,0,0,0,0,0,0,0,0,0,0,0,0,0,0,0,0,0,0,0,0,0,0,0,0,0,0,0,0,0,0,0,0,0,0,0,0,0,0,0,0,0,0,0,0,0,0,0,0
h25,0,0,0,0,0,0,0,0,0,0,0,0,0,0,0,0,0,0,0,0,0,0,0,0,0,0,0,0,0,0,0,0,0,0,0,0,0,0,0,0,0,0,0,0,0,0,0,0,0,0,0,0,0,0,0,0,0,0,0,0,0,0,0,0,0,0,0,0,0,0,0,0,0,0,0,0,0,0,0,0,0,0,0,0,0,0,0,0,0,0,0,0,0,0,0,0,0,0,0
h26,0,0,0,0,0,0,0,0,0,0,0,0,0,0,0,0,0,0,0,0,0,0,0,0,0,0,0,0,0,0,0,0,0,0,0,0,0,0,0,0,0,0,0,0,0,0,0,0,0,0,0,0,0,0,0,0,0,0,0,0,0,0,0,0,0,0,0,0,0,0,0,0,0,0,0,0,0,0,0,0,0,0,0,0,0,0,0,0,0,0,0,0,0,0,0,0,0,0,0
h27,0,0,0,0,0,0,0,0,0,0,0,0,0,0,0,0,0,0,0,0,0,0,0,0,0,0,0,0,0,0,0,0,0,0,0,0,0,0,0,0,0,0,0,0,0,0,0,0,0,0,0,0,0,0,0,0,0,0,0,0,0,0,0,0,0,0,0,0,0,0,0,0,0,0,0,0,0,0,0,0,0,0,0,0,0,0,0,0,0,0,0,0,0,0,0,0,0,0,0
h28,0,0,0,0,0,0,0,0,0,0,0,0,0,0,0,0,0,0,0,0,0,0,0,0,0,0,0,0,0,0,0,0,0,0,0,0,0,0,0,0,0,0,0,0,0,0,0,0,0,0,0,0,0,0,0,0,0,0,0,0,0,0,0,0,0,0,0,0,0,0,0,0,0,0,0,0,0,0,0,0,0,0,0,0,0,0,0,0,0,0,0,0,0,0,0,0,0,0,0
h29,0,0,0,0,0,0,0,0,0,0,0,0,0,0,0,0,0,0,0,0,0,0,0,0,0,0,0,0,0,0,0,0,0,0,0,0,0,0,0,0,0,0,0,0,0,0,0,0,0,0,0,0,0,0,0,0,0,0,0,0,0,0,0,0,0,0,0,0,0,0,0,0,0,0,0,0,0,0,0,0,0,0,0,0,0,0,0,0,0,0,0,0,0,0,0,0,0,0,0
h30,6014.036741,6014.379675,6016.683277,6016.756008,6017.678634,6018.026159,6018.850392,6019.184547,6019.668054,6020.520477,6020.709512,6020.853797,6022.129207,6023.08446,6023.415132,6025.926142,6027.274591,6027.630525,6028.603091,6030.238284,6030.263711,6033.578925,6037.636251,6037.669219,6039.231985,6039.54359,6039.766655,6044.049285,6044.82397,6045.093196,6046.417101,6046.860342,6047.011504,6049.212392,6049.919499,6052.232191,6053.773552,6053.818644,6053.995689,6054.665931,6056.810484,6058.452812,6060.584725,6060.632837,6061.833074,6062.249533,6064.464457,6068.152631,6068.368312,6069.738672,6070.052623,6071.654581,6074.786914,6074.963673,6077.392738,6079.830387,6081.987555,6082.38047,6083.623788,6084.252662,6087.902664,6094.224836,6094.947643,6103.103616,6106.117258,6106.92084,6107.25919,6113.906886,6116.472262,6118.811254,6120.371178,6122.109448,6135.404094,6137.036023,6138.104913,6152.274746,6160.263584,6165.976289,6168.223779,6178.633747,6188.535575,6189.230579,6189.618479,6192.797502,6195.438007,6195.677091,6208.613016,6217.666391,6251.11874,6256.519511,6259.118884,6260.611611,6267.325909,6301.462318,6316.400829,6323.443527,6332.064731,6337.224941,6432.751318
h31,22396.23933,22399.17687,22405.12929,22407.72581,22430.20319,22445.92355,22457.28525,22465.45582,22467.01652,22473.15184,22482.77637,22488.36882,22491.6743,22514.97906,22533.74906,22548.49149,22561.8452,22583.69786,22611.13553,22612.54288,22616.86437,22619.9449,22654.9435,22658.85068,22659.66717,22662.49468,22663.22405,22665.1567,22668.68295,22692.6328,22708.76306,22754.96,22771.35883,22790.41011,22812.80536,22819.69844,22842.4868,22845.87422,22851.92563,22854.863,22855.76805,22867.15876,22891.68299,22894.28848,22897.45038,22906.16112,22911.46129,22916.29752,22934.89179,22937.87431,22964.58271,22974.6348,22977.06735,23005.74896,23014.88268,23022.41141,23074.9295,23090.658,23133.23697,23150.23771,23153.26604,23157.50872,23164.08569,23166.68787,23224.49058,23277.27706,23342.44203,23352.40576,23359.32473,23415.03204,23420.49351,23426.80978,23439.30879,23486.38734,23486.71905,23502.02766,23568.98065,23677.48145,23761.77342,23796.44611,23799.08809,23914.40286,23975.55322,23996.93654,24058.26751,24065.83337,24134.55631,24220.8278,24285.18763,24301.12886,24551.7155,24635.09166,24702.14651,24776.24116,24787.46507,24797.77024,24956.42085,25063.77911,25788.24214
h32,26715.36429,27045.05684,27128.80188,27216.3875,27296.31768,27365.82681,27429.79656,27430.63936,27542.71228,27575.65644,27687.00951,27701.91251,27838.8975,27891.85327,28160.88926,28518.17572,28520.93632,28722.59582,28802.08748,28836.23149,28972.72128,29129.53614,29133.17726,29140.55348,29175.46892,29446.15278,29580.36597,29622.63964,29674.26009,29935.74191,29971.69608,30169.89069,30207.70858,30514.48678,30529.12899,30560.65512,30651.34832,30708.74199,30937.70086,31190.657,31192.86836,31660.13669,31699.38076,31897.76864,31917.90843,31928.10818,32050.93028,32280.08695,32537.58864,32805.65774,32831.66938,32844.38934,32872.16545,32929.01789,32961.90036,33034.31337,33282.67391,33496.34406,33779.29655,33932.67394,34066.03359,34144.44319,34200.57833,34563.98174,34720.86817,34730.27362,34811.55578,34860.9367,34990.41509,35079.98363,35342.31186,35565.89475,35672.27205,35716.08531,35744.77895,35921.02072,35922.26841,37009.42484,37278.17257,37597.68696,37647.82495,37849.71023,38089.88104,38110.28414,38135.68565,38324.84459,38744.38018,38890.22176,39178.89186,39190.2199,39314.11631,39464.65917,39568.09151,40330.93161,40476.80318,40826.21469,40850.87493,41682.2662,41727.75862
h33,32453.64665,32473.96747,32541.89466,32721.74441,32789.16346,33026.02653,33099.01649,33352.51018,33399.01268,33472.87969,33530.05066,33548.60362,33746.27514,33806.6062,33815.98024,33981.82606,34164.93897,34166.69534,34394.24388,34618.89521,34888.92507,35312.12168,35439.89155,35524.32198,35549.66555,35622.37092,35625.5696,35626.20653,35686.7742,35719.59619,35829.88119,35984.56657,35990.51004,36104.80352,36164.28241,36180.88548,36264.1593,36329.00672,36581.90461,36699.17538,36700.76915,36808.57275,36819.55887,36862.13043,36880.12721,37117.50982,37292.41415,37409.9913,37436.33756,37718.27514,37849.41971,37953.07935,38110.87667,38129.14815,38162.05284,38222.89551,38229.718,38231.15412,38270.84141,38287.98506,38466.01378,38565.226,38617.13903,38709.22324,38881.56252,38971.65514,39272.17236,39881.29955,39918.84846,40367.87179,40666.72018,40808.61277,40854.41197,41411.62638,41487.5465,41537.07556,41916.64046,42264.13017,42286.82449,42339.08429,42348.15192,42371.84476,42848.35809,42882.41005,42926.25755,42941.4832,43088.5956,43103.33259,43234.95296,43584.84245,43785.59738,43841.88765,43898.86342,43952.85945,44066.12895,44130.64461,45001.8499,45068.49751,45267.94626
h34,37721.24609,37722.44126,37730.87698,37737.74906,37774.83065,37780.07719,37800.31934,37808.45461,37831.21307,37849.33602,37851.50446,37852.20794,37869.91562,37873.95439,37951.14808,38033.49233,38102.51892,38105.17896,38148.72801,38176.25919,38196.46381,38202.2617,38206.33381,38279.22875,38291.35872,38317.93548,38324.66937,38326.23505,38326.27207,38357.03677,38365.46599,38395.59,38410.88688,38413.79562,38458.49405,38459.39862,38473.45614,38486.92159,38487.25451,38494.24694,38512.29544,38554.1786,38571.59264,38597.38561,38603.221,38611.87474,38618.37455,38631.20833,38667.14622,38668.22544,38705.8112,38713.33868,38715.31348,38727.26888,38730.72349,38733.28196,38740.22571,38743.14655,38749.83647,38755.40832,38778.67846,38805.14843,38862.55316,38910.59789,38921.93593,38929.70309,38985.84983,39071.2309,39126.63273,39140.40457,39161.73153,39176.4924,39177.90705,39191.60461,39234.7744,39248.70601,39254.11712,39256.71576,39276.64615,39285.18227,39285.83922,39300.50138,39343.33776,39354.81044,39359.08708,39365.71866,39427.64772,39471.39039,39473.05084,39475.1459,39488.31732,39489.34072,39489.82619,39523.4674,39536.26516,39556.19314,39560.44363,39600.00669,39717.07826
h35,37639.53171,37708.76415,37751.56333,37767.65903,37799.6526,37891.04695,37899.77854,37932.28272,37963.74078,37963.80051,37976.83075,38040.6497,38051.90665,38084.97525,38132.02794,38138.85164,38163.97441,38188.69954,38272.64584,38291.9395,38329.39186,38340.16818,38354.27642,38406.90434,38446.57552,38521.66159,38545.1506,38561.80597,38583.5731,38643.8923,38675.39244,38677.97057,38682.50555,38689.12126,38749.6449,38777.44627,38933.074,38944.29239,38956.90126,38980.80984,39037.83079,39065.00494,39145.4665,39160.51854,39169.95622,39186.48815,39245.88555,39323.17925,39349.77296,39357.9745,39383.95944,39406.12552,39449.07455,39504.44826,39547.63776,39597.32027,39621.44758,39639.37494,39711.57393,39729.46119,39742.99346,39746.40589,39801.30144,39829.75193,39861.80098,39921.97546,39947.54959,40166.22068,40232.36983,40269.15785,40297.67801,40317.32852,40411.82658,40437.65571,40450.18643,40484.59349,40623.14402,40627.90501,40675.44375,40699.53403,40721.06869,40723.01704,40776.21165,40797.93317,40829.72268,40980.51083,40988.5536,41058.62819,41071.35476,41076.52982,41119.98311,41229.06782,41268.72632,41352.14168,41440.16689,41556.18908,41628.84529,41687.0335,41748.53948
h36,31943.45976,32048.09621,32072.74681,32860.62124,33024.09643,33187.17154,33340.78683,33592.80263,33670.99406,33699.1324,34211.37784,34456.0526,34545.05616,34605.83979,34668.11422,34674.98566,34773.34115,34842.12129,34913.95616,34935.95652,35196.54514,35267.81583,35536.59439,35682.254,35723.10324,35727.12055,35872.38871,35919.56875,35942.74519,35982.76837,36082.31683,36137.54739,36451.27073,36677.08058,36737.21422,37014.1483,37346.88396,37509.35545,37531.97109,37901.3456,38108.56047,38165.69934,38305.22497,38341.49286,38342.54113,38345.17773,38360.49331,38591.14227,38633.3171,39300.05172,39325.8994,39404.1689,39657.74441,39723.12649,39975.70645,40214.49693,40264.77556,40269.99077,40303.60571,40392.58293,40398.4057,40499.18885,40539.09584,40605.07807,40674.12235,40809.29641,40860.65946,40861.76603,40944.27516,41180.93791,41335.50176,41363.65709,41602.38584,42464.0684,42466.11709,42508.78185,42624.9151,42923.71466,42941.14588,43017.40097,43425.60953,43622.56572,43648.38609,43656.90382,43665.50798,43807.95181,43927.98763,43941.51513,43980.70741,43997.24791,44032.15898,44038.69616,44092.16132,44329.91512,44610.55956,44900.94704,45252.57829,45392.03529,45507.26493
h37,32611.15021,32622.27379,32869.12434,33229.6418,33418.36771,33560.45456,33569.82462,33657.9658,34292.2926,34448.35795,34567.66062,34597.44978,35068.29083,35069.0329,35416.79748,35547.17191,35988.99117,36107.5423,36528.05592,36692.53255,36901.46209,36993.66403,37126.2334,37263.73225,37353.1487,37522.98426,37656.76541,37904.02083,37904.17887,37975.57622,38153.90988,38204.88222,38218.96212,38324.64374,38498.29272,38511.26569,38549.76235,38556.78445,38600.34703,38675.26929,38686.1958,38750.31334,38763.73048,38769.85489,38914.46059,38989.04235,39011.01836,39113.8859,39271.40644,39396.57746,39618.49881,39639.38916,39704.80172,39721.21069,39965.83073,40001.82939,40018.57457,40047.49114,40113.88822,40208.64647,40544.01151,40568.09208,40690.8453,40693.98015,40763.14215,41013.39357,41015.2358,41100.08218,41275.21203,41311.4241,41462.13884,41474.11167,41494.85881,41580.55467,41919.99217,41940.62804,41947.52314,41997.64567,42016.50104,42058.89978,42356.12242,42379.8635,42459.18811,42467.0702,42690.97789,43057.93342,43068.98084,43082.3496,43343.97821,43396.03804,43792.79705,43807.59096,44047.74253,44154.22652,44166.70505,44355.4087,44425.68177,44707.67073,44746.55286
h38,30799.79151,31021.45504,31030.09793,31570.60046,31632.41446,31798.42755,31833.05829,31914.37203,32041.70905,32192.67413,32696.76545,32724.43378,32761.4336,32810.7971,32866.85844,32989.36199,33043.18902,33060.91325,33080.51591,33248.20615,33381.81406,33683.1834,33942.19576,34053.77839,34133.40979,34242.14402,34247.09476,34263.9114,34558.65957,34743.69763,34748.36267,34984.26749,34988.19287,35105.19429,35259.29046,35362.47997,35773.11606,35906.27335,36008.41475,36103.73354,36152.37216,36159.99712,36244.11553,36269.11899,36292.16506,36405.97606,36467.36277,36486.6433,36696.54245,36750.60809,36903.57443,37047.63114,37071.02885,37075.10901,37086.14668,37618.89376,37672.66405,37718.90611,37721.51796,37845.81338,37937.37617,37963.24895,38058.48783,38279.63404,38368.20133,38775.92768,38845.39503,38939.14463,38989.91313,39098.8522,39209.05356,39243.9896,39355.18636,39556.09247,39580.88083,39731.59404,39750.03043,39784.69922,39818.27982,39848.3564,39915.98302,40193.32298,40251.31219,40280.68126,40544.63021,40548.86891,40579.47747,40641.46661,40651.42497,40768.74614,41100.91613,41212.43562,41260.60942,41481.21843,41575.0184,41838.98739,41846.6516,41882.92755,42478.82285
h39,31986.29757,32081.81075,32558.25802,32567.21362,32966.88798,33132.63026,33320.82793,33361.96117,33629.07057,33633.54782,33668.63897,33737.31419,33779.37726,33897.78624,34217.78531,34292.12533,34294.69351,34385.6202,34403.43778,34496.35497,34521.20184,34825.28688,34876.23814,34888.20432,35214.6773,35268.88399,35513.99963,35531.4587,35887.71174,35905.72071,36083.93538,36086.28197,36128.56101,36155.79763,36173.91164,36177.64372,36266.93119,36267.09719,36323.8844,36362.94977,36568.34396,36601.06029,36630.71058,36726.3821,36762.1151,36829.98022,36887.40738,36902.41313,36975.81855,36988.02312,37061.06901,37104.54202,37201.18957,37479.1976,37482.45519,37526.22204,37737.32591,37964.41134,38156.25224,38196.65793,38233.3494,38237.27289,38378.52728,38395.76463,38829.15178,38840.67101,38937.14874,39069.77789,39220.23648,39235.76447,39304.25254,39332.2676,39373.97805,39832.07863,39874.03815,39990.64021,40163.74996,40178.81159,40204.37299,40243.03816,40344.83767,40368.60221,40370.67053,40395.04726,40433.90161,40493.14921,40534.429,40780.15361,40945.94867,40964.79866,41194.92556,41214.40693,41400.84669,41595.15885,41599.86862,41756.27979,41877.5061,41947.90264,42188.90032
h40,31017.40009,31032.84096,31187.1597,31264.45777,31649.96532,31760.27857,31832.9176,31835.92444,31900.57148,32248.27486,32288.1888,32387.53199,32742.02257,32770.69157,32828.61077,32850.8723,32892.18561,32956.35457,33012.4507,33026.00439,33423.6465,33463.16954,33484.55094,33592.41638,33597.68335,33830.17311,33850.85252,33884.33339,33948.82954,33963.36506,34189.14132,34403.75112,34439.40394,34501.89517,34528.43569,34584.47572,34704.53132,34983.68227,34991.66216,35113.14711,35473.12119,35520.6391,35592.80012,35668.12577,35685.30143,35773.41624,35784.67931,35855.38366,35990.6354,36165.65298,36188.48833,36222.884,36563.04004,36718.94359,36850.89387,36853.29347,36974.87447,37170.77033,37218.26211,37230.33927,37273.09141,37419.60766,37477.70179,37515.70269,37536.39036,37616.51833,37711.47706,37786.41055,37896.0575,37898.06917,37967.57624,38003.20311,38093.91952,38110.95457,38143.7007,38272.32865,38311.90034,38318.69908,38322.92813,38389.96921,38451.39022,38467.50665,38583.43469,38690.5194,38817.49571,38954.73292,38990.17856,39020.20148,39094.97981,39129.84235,39334.06663,39392.03902,39476.45062,39560.23502,39649.64618,39938.73245,39991.3934,40001.4424,40010.30858
h41,23326.23763,23517.82227,23750.09818,23771.49383,23945.64133,23989.33015,24106.90588,24165.02423,24245.30899,24360.02949,24806.00727,24958.90229,25155.07046,25294.97537,25433.5367,25738.00138,25925.99736,26046.96659,26345.11564,26346.63435,26488.87791,26644.44234,27452.59338,27478.00999,27628.16031,27659.02979,27872.91062,28082.04781,28206.65275,28397.26027,28647.54471,28680.14054,29008.28718,29044.59887,29209.92206,29212.9921,29557.81142,29859.56824,30381.32746,30468.3438,30542.37821,30548.48552,30910.57982,31056.4065,31128.83934,31350.24135,31533.48611,31710.88569,31936.77475,31941.2931,32064.9742,32180.01214,32275.68528,32285.98536,32629.66017,32841.12906,32865.57377,32887.04722,32943.53254,32952.74176,32959.33698,33370.54212,33380.70619,33472.50836,33519.84672,33584.88738,33814.08802,33909.67219,34233.06255,34293.02311,34325.25576,34432.65573,34603.57254,34654.97457,34764.25517,34923.62662,34980.69405,35241.65312,35441.02605,35473.43292,35489.19305,35492.3371,35637.18114,35731.76953,35801.6761,36203.08097,36620.32405,36672.6086,36722.96067,36828.21427,36852.13468,36873.25729,36958.86016,37334.94683,37366.49094,37401.9641,37432.29267,37566.45016,37955.27732
h42,13265.02632,13304.70199,13991.04154,14164.05426,14335.69675,15050.75547,15291.64067,15632.81174,15817.11853,15819.78518,15852.0785,15893.57883,15961.6055,16051.53813,16247.73399,16298.25899,16714.63374,16817.34791,17131.27626,17205.10862,17234.51704,17803.59988,17819.95574,17872.95053,17990.23546,18388.44216,18543.17055,18786.73191,18826.72348,18897.56371,18991.86744,19431.46296,19644.6202,19701.99434,19946.22793,20051.09611,20116.38995,20290.77631,20321.7677,20435.49797,20444.65613,20481.86031,20482.90487,20547.71759,20598.6516,20616.79768,20661.45017,20766.49947,20802.97317,20852.88219,21042.67585,21093.12205,21243.71508,21286.0957,21308.80248,21387.47835,21432.02826,21483.86228,21602.47257,21651.06926,21654.46165,21761.09869,21850.89216,21910.51904,21971.20584,21993.36404,21997.52365,22100.59305,22142.38615,22151.43636,22273.06043,22463.99163,22598.75772,22689.55983,22750.31144,22792.13208,23179.72781,23235.78613,23294.62624,23357.28419,23445.66935,23496.38162,23502.46613,23538.25473,23630.24229,23634.18332,23741.33972,23794.81964,23874.58776,24202.22394,24510.97944,24554.68676,24725.17455,24738.30719,24785.74124,24802.71459,24878.95489,24904.58778,24921.4337
h43,982.4765072,1086.878195,1308.687679,1366.229845,1393.071777,1514.912665,1744.60759,2321.06385,2380.705681,2535.9174,2623.423299,2642.660675,2830.153956,3154.208242,3326.708297,3611.976649,3732.1966,3894.971611,3914.398195,3921.740222,3939.160835,3966.966587,4032.084303,4160.173649,4298.889047,4373.517488,4387.622312,4414.638915,4552.064324,4556.602015,4597.400915,4657.27814,4661.590299,4674.300903,4686.614613,4713.230449,4837.318402,4962.33981,4971.459258,5072.024095,5135.096339,5145.937791,5196.830833,5255.046684,5286.838216,5307.26564,5368.93644,5428.2196,5484.28106,5493.818362,5493.834488,5525.506206,5592.721405,5654.175619,5803.663899,5842.635642,5903.654407,5909.0226,6027.593124,6136.041008,6242.030725,6246.207563,6253.620943,6424.856767,6445.973091,6454.062858,6530.249008,6554.15735,6658.427864,6884.061272,6889.3292,6925.125741,7049.202171,7118.006021,7125.05726,7167.60278,7169.543043,7220.366603,7275.249127,7320.148586,7368.979325,7428.164036,7547.638614,7655.841888,7674.120123,7681.124005,7769.413729,7769.533053,7868.92635,7963.098221,7965.664745,8115.896626,8178.723397,8263.855211,8291.271455,8442.956394,8470.099301,8531.209447,8553.790384
h44,0,0,0,0,0,0,0,0,0,0,0,0,0,0,0,0,0,0,0,0,0,0,0,0,0,0,0,0,0,0,0,0,0,0,0,0,0,0,0,0,0,0,0,0,0,0,0,0,0,0,0,0,0,0,0,0,0,0,0,0,0,0,0,0,0,0,0,0,0,0,0,0,0,0,0,0,0,0,0,0,0,0,0,0,0,0,0,0,0,0,0,0,0,0,0,0,0,0,0
h45,0,0,0,0,0,0,0,0,0,0,0,0,0,0,0,0,0,0,0,0,0,0,0,0,0,0,0,0,0,0,0,0,0,0,0,0,0,0,0,0,0,0,0,0,0,0,0,0,0,0,0,0,0,0,0,0,0,0,0,0,0,0,0,0,0,0,0,0,0,0,0,0,0,0,0,0,0,0,0,0,0,0,0,0,0,0,0,0,0,0,0,0,0,0,0,0,0,0,0
h46,0,0,0,0,0,0,0,0,0,0,0,0,0,0,0,0,0,0,0,0,0,0,0,0,0,0,0,0,0,0,0,0,0,0,0,0,0,0,0,0,0,0,0,0,0,0,0,0,0,0,0,0,0,0,0,0,0,0,0,0,0,0,0,0,0,0,0,0,0,0,0,0,0,0,0,0,0,0,0,0,0,0,0,0,0,0,0,0,0,0,0,0,0,0,0,0,0,0,0
h47,0,0,0,0,0,0,0,0,0,0,0,0,0,0,0,0,0,0,0,0,0,0,0,0,0,0,0,0,0,0,0,0,0,0,0,0,0,0,0,0,0,0,0,0,0,0,0,0,0,0,0,0,0,0,0,0,0,0,0,0,0,0,0,0,0,0,0,0,0,0,0,0,0,0,0,0,0,0,0,0,0,0,0,0,0,0,0,0,0,0,0,0,0,0,0,0,0,0,0
