2018-07-18T00:00:00,2018-07-18T01:00:00,2018-07-18T02:00:00,2018-07-18T03:00:00,2018-07-18T04:00:00,2018-07-18T05:00:00,2018-07-18T06:00:00,2018-07-18T07:00:00,2018-07-18T08:00:00,2018-07-18T09:00:00,2018-07-18T10:00:00,2018-07-18T11:00:00,2018-07-18T12:00:00,2018-07-18T13:00:00,2018-07-18T14:00:00,2018-07-18T15:00:00,2018-07-18T16:00:00,2018-07-18T17:00:00,2018-07-18T18:00:00,2018-07-18T19:00:00,2018-07-18T20:00:00,2018-07-18T21:00:00,2018-07-18T22:00:00,2018-07-18T23:00:00,2018-07-19T00:00:00,2018-07-19T01:00:00,2018-07-19T02:00:00,2018-07-19T03:00:00,2018-07-19T04:00:00,2018-07-19T05:00:00,2018-07-19T06:00:00,2018-07-19T07:00:00,2018-07-19T08:00:00,2018-07-19T09:00:00,2018-07-19T10:00:00,2018-07-19T11:00:00,2018-07-19T12:00:00,2018-07-19T13:00:00,2018-07-19T14:00:00,2018-07-19T15:00:00,2018-07-19T16:00:00,2018-07-19T17:00:00,2018-07-19T18:00:00,2018-07-19T19:00:00,2018-07-19T20:00:00,2018-07-19T21:00:00,2018-07-19T22:00:00,2018-07-19T23:00:00
4078.015724,4826.977656,4076.21523,4271.32698,3869.458952,3650.495382,3978.816674,2368.155227,1822.771867,1474.546848,836.3354102,505.274095,459.5959215,375.0720266,332.5697754,509.3267305,777.0933886,1036.831898,1258.833224,2247.923748,2607.493182,3543.28713,5331.286471,4548.073747,5225.156758,4235.374653,5381.540195,3263.419106,3297.741789,3124.17015,2542.704485,1258.172933,1073.033514,739.5702865,538.0061921,435.6936235,400.3843731,680.0689362,931.9790392,1117.851394,1394.572079,1296.868244,2227.433663,3447.97587,4935.016166,5016.098716,4751.241838,4818.067508
4243.949123,5187.784966,4359.393532,4387.949138,4428.640155,3728.492149,4173.455067,2413.971173,1937.82708,1493.909413,928.0156411,560.7601383,486.5884514,398.0515837,341.5673692,512.9968079,798.1042288,1104.043849,1289.054781,2394.844557,2735.787092,3715.358284,5655.272855,4650.168365,5407.314157,4317.657672,5408.945461,4180.53721,3781.222527,4401.987249,3001.639517,1413.111875,1291.297458,820.6806694,630.2657019,494.8310571,434.8711937,704.1444283,947.9099569,1146.848683,1414.670455,1376.65372,2338.438656,3581.436499,5228.891429,5327.322382,4816.551899,5084.389177
4276.438269,5227.323392,4802.954843,4423.592015,4430.051598,3913.055505,4202.673924,2749.58953,2046.796519,1558.291515,983.8405879,567.6072477,501.4864864,411.8335514,361.9682436,520.1384159,881.6262187,1104.891208,1290.150119,2410.452582,2880.674375,3867.105436,5841.765226,4731.562045,5566.571938,4518.441017,5601.80726,4254.113493,3889.932206,4593.097367,4215.207934,1917.756852,1392.025242,1015.663816,638.4223414,495.6777672,498.8005598,763.4557363,982.0770096,1150.154676,1454.505408,1400.716566,2403.909906,3595.206438,5305.736321,5362.768695,5006.336527,5263.526841
5215.190054,5555.10275,4828.533823,4843.412815,4438.548296,4170.496783,4232.915552,3101.633032,2198.399,1617.738016,1003.158643,610.5369822,508.8447376,439.326016,414.9865847,530.5869562,894.0030234,1105.164758,1300.774369,2414.01114,3238.033371,3938.085302,5937.972361,4813.982271,5803.024935,4661.222919,5739.322914,5085.612727,3893.102488,4754.378146,4290.422094,2006.291015,1500.102343,1331.197384,700.0935703,609.864812,537.7537975,794.1765117,1063.567381,1220.954514,1466.243477,1562.869112,2405.436588,3653.045422,5356.573501,5684.221197,5263.331847,5720.461846
5516.646781,5557.97464,6096.848344,4899.090116,4510.114638,5057.95899,4255.169168,3197.888557,2284.133427,1634.196124,1016.595817,615.9672964,560.045472,444.3907343,428.2923819,533.6257747,906.3405954,1146.071522,1302.224457,2454.045131,3726.990283,4241.059565,6059.133239,4997.141725,6105.622448,4767.193741,5888.052992,5936.167067,3921.885384,4979.599722,4321.185464,2190.391782,1524.227093,1352.322784,807.3594276,659.1812487,591.771574,804.2122299,1137.438007,1224.414267,1484.254336,1573.462798,2418.908492,3693.027633,5451.44917,5847.719264,5281.657062,5772.851857
6138.179231,5846.379617,6236.459404,4941.119912,4591.225894,5122.858786,4289.391639,3384.586602,2319.686195,1661.093647,1037.258631,625.028638,562.6933473,478.2363611,429.057335,546.3814118,922.1107571,1154.944334,1307.589131,2483.043287,3778.312884,4409.555865,6257.36754,5550.685981,6410.068879,5142.866229,6269.037229,5994.642077,4174.087174,5718.873155,4789.228867,2614.734626,2272.359632,1436.460048,1089.088631,697.2600665,593.6995443,817.9654677,1157.418548,1256.534816,1503.8887,1580.81951,2521.424784,3716.747948,5938.038294,6538.203255,5407.038266,6250.80806
6353.452843,6229.453943,6399.496064,5251.706508,4692.940507,5407.499508,4529.782246,3632.848846,2343.188867,1722.460248,1098.76961,637.7403529,568.4395118,485.1928433,440.4017949,563.703252,940.3274882,1171.482172,1312.584821,2511.386791,3785.643368,4442.863665,6294.912134,5692.112163,6735.722676,5197.419989,6608.249309,6210.02325,4342.932871,5756.582812,4909.195872,2757.717283,2379.960599,1597.986201,1184.01218,743.4564597,602.6223955,818.5292234,1163.085503,1275.626833,1514.354689,1610.680875,2604.770235,3760.765345,5952.496308,6806.435203,5840.014807,6310.668534
6474.360644,6262.898062,6492.154075,5898.295135,4715.230764,5432.761464,5189.73753,3791.325288,2444.524948,1751.201701,1184.461701,656.1394525,572.3164175,504.0697541,491.5142373,602.2004272,950.0045476,1172.713431,1349.108797,2519.614492,3794.800328,4505.251836,6465.267881,6624.089748,6743.36078,5528.269668,6794.177664,6243.764617,4847.05935,5918.584335,4921.7761,2917.149896,2381.586467,1674.922944,1265.151648,820.6282757,622.9639288,824.3642495,1176.952822,1311.535741,1571.100071,1641.8559,2621.819762,3796.136533,6235.601448,6985.145215,6449.148654,6698.885762
6485.652456,6360.130711,6673.254802,6067.525121,4854.859067,5442.813424,5430.988388,4028.308774,2468.451131,1790.062571,1188.061273,675.5002272,573.8994136,565.5953647,497.4787727,615.2609414,966.6428659,1175.780486,1375.870668,2585.150789,3800.695853,4906.866924,6486.912674,6741.574889,6828.959784,5963.981968,7013.831949,6436.485178,5221.958503,5970.126246,5227.622287,2947.564324,2512.224187,1729.775679,1312.829406,876.5375437,772.5178501,864.1435799,1223.769535,1385.696648,1576.051905,1649.052651,2684.327005,3820.463716,6324.71889,7086.326234,6785.216676,6931.231286
6531.778781,6580.355239,6815.553139,6553.064681,4854.949228,5869.492614,6270.573726,4127.951688,2540.315663,1795.839773,1214.47344,701.6803151,639.4931215,581.2374686,497.9775259,630.9041552,977.316959,1185.322161,1409.095211,2679.802397,3869.545847,5107.469046,6677.727527,6798.409563,7036.305083,6487.960215,7168.144818,6685.035438,5552.478881,5997.950174,5304.724403,3183.539712,2531.879997,2166.124739,1345.118202,906.979088,788.966782,869.0945433,1244.119476,1386.062728,1665.739163,1690.377934,2780.200789,3821.241492,6465.09843,7177.560149,7014.511851,6942.220671
6560.346369,6598.761944,6943.809862,6600.279566,5579.425755,5977.897297,6292.502801,4191.614664,2548.619837,1946.305487,1250.273344,721.7855493,675.3235431,583.5435176,518.123791,641.7091793,1002.446864,1198.035654,1448.084491,2686.458467,4036.794604,5118.4088,6712.604341,6949.540538,7082.233866,6505.467111,7328.459346,6815.858253,5787.472983,6282.820627,5542.617216,3194.15337,2534.024112,2262.649499,1365.362503,907.3429331,798.2582505,915.215707,1267.925652,1395.460276,1673.435843,1691.309283,2804.434098,3921.918645,6717.184058,7221.18987,7065.610695,7278.291224
6711.946561,6677.509917,7214.191358,6802.03776,5820.476204,6441.774872,6605.601913,4307.252473,2666.62311,2004.36486,1253.846231,794.4318771,679.2084775,597.5641432,528.4036889,672.5334351,1008.392642,1251.149521,1452.231097,2688.561991,4205.588223,5242.506824,6723.881203,7042.155138,7215.538741,6607.287325,7852.441894,6960.926468,5936.266957,6312.591488,5732.82882,3243.956054,3142.72391,2460.64836,1379.820575,942.173669,802.9501102,1020.816362,1297.064562,1465.51364,1752.7547,1729.444209,2814.186644,3936.779486,6883.047073,7355.934158,7410.538744,7325.957341
6978.774713,6868.106645,7322.465076,6828.428931,5876.22557,6722.734732,6672.610159,4417.597092,2812.172814,2108.388458,1373.846326,834.382601,687.6476961,602.8264981,543.9623534,674.8604601,1060.954414,1263.268906,1462.869727,2820.895058,4275.513771,5264.417807,6757.393171,7177.159795,7343.7073,6944.777809,8135.072527,7080.757919,6494.33954,6372.598548,6000.276186,3366.317943,3220.854103,2498.270288,1393.743836,981.4351519,857.4954184,1025.089593,1308.005065,1547.628729,1780.770829,1766.379913,2856.350418,3955.172787,6904.934497,7504.829962,7437.685474,7396.674975
7060.051175,6893.874424,7367.942553,6847.621517,6108.120402,6727.201905,6731.150204,4465.000137,2840.170853,2111.172495,1402.374205,836.4745942,689.5996679,639.7463405,579.9348618,701.7121041,1064.165625,1282.785048,1495.373955,2903.169698,4321.479016,5424.430161,6914.192013,7208.315155,7408.186168,7043.642212,8294.306477,7107.299308,6496.522857,6554.526379,6060.026592,3447.61355,3408.436207,2511.362775,1428.205238,1018.270792,863.2919253,1091.908626,1350.103759,1627.138897,1801.619023,1767.434516,2931.576436,3992.180574,6967.822924,7565.56983,7538.307995,7571.603347
7619.891938,6973.660647,7426.797028,6992.562224,6181.433989,6823.109944,6816.065419,4507.29613,2946.370043,2124.205373,1414.539612,896.25382,708.6381599,700.6529672,594.2025719,706.211818,1067.209557,1390.177614,1496.325467,2948.146102,4442.664513,5597.038417,7151.464168,7220.460397,7516.179246,7085.473312,8428.948874,7131.512583,6593.838042,6698.145542,6079.15259,3487.680099,3523.625433,2606.428104,1499.591212,1073.159984,877.8807415,1099.933727,1403.062291,1687.503529,1876.617656,1780.986877,3007.541586,4066.740391,6969.332985,7675.4487,7666.151815,8076.529118
7867.160183,6988.370182,7519.878916,7118.953076,6323.624819,6848.795221,6937.972737,4732.777869,2962.639165,2260.549035,1423.414264,904.7135035,760.7183506,738.4634548,626.7958465,707.3790375,1076.114152,1398.612193,1566.793539,2972.300594,4478.103841,5622.012564,7181.337965,7264.055165,7847.204596,7219.700554,8584.556209,7314.467317,6712.802626,6711.082023,6131.077237,3667.747357,3579.807787,2645.858969,1530.019654,1218.87136,944.541831,1123.803939,1431.247808,1699.252014,1926.572877,1844.686518,3027.398539,4117.509252,7011.75529,7709.094084,8033.54813,8326.754015
7889.575654,7035.23667,7548.268631,7199.222089,6431.404385,7194.987689,6956.85968,4881.996534,3029.154522,2311.35467,1477.995713,909.9706523,786.641135,745.6332691,655.4839919,773.9811471,1083.082164,1401.779793,1586.00009,3068.915864,4558.738348,5651.608176,7543.460733,7638.787909,7885.862174,7344.629536,8584.871076,7525.085935,6981.169966,7064.270394,6157.419451,3803.663535,3725.996751,2669.033956,1586.344089,1286.818949,1016.10196,1126.342168,1446.450111,1753.011739,1970.759646,1873.559975,3096.82468,4196.839471,7154.020979,7770.521909,8072.411968,8380.921597
7997.411719,7396.39657,7830.829385,7242.392945,6528.477952,7211.7001,6958.807593,4924.41615,3106.178463,2403.053292,1482.573433,946.0645662,796.7445704,751.9035368,688.7082246,774.2611343,1106.725167,1429.740023,1644.425306,3079.015259,4685.134454,6170.53641,7584.209317,7681.300456,8003.823027,7432.24368,8659.039359,7787.618573,7271.689955,7110.26845,6289.376756,3859.33173,3781.744929,2689.160257,1591.508469,1358.141377,1022.847914,1140.064036,1453.62987,1758.024497,1976.797616,1906.140733,3097.255896,4338.078466,7177.836107,7779.826745,8116.991599,8417.44405
8230.083121,7655.793284,7983.039296,7270.838825,6685.619121,7521.559803,7009.175251,4983.170498,3186.330599,2582.956563,1486.743397,949.7070727,817.7799189,752.7620527,692.0638517,855.1345958,1107.931109,1430.121833,1668.79881,3132.262437,4697.113522,6285.414378,7700.281392,7691.329282,8303.002416,7693.442569,8695.40108,7804.281078,7276.137984,7132.81404,6444.825952,3872.577512,3783.263979,2756.734874,1601.568071,1419.443428,1099.054621,1168.119005,1498.76957,1834.791217,2047.782317,1916.052954,3112.109019,4377.246031,7428.180583,7817.37777,8494.755004,8444.880941
8252.979929,7728.623541,8014.25539,7565.433759,6723.787404,7540.46917,7071.614207,5000.709034,3203.468019,2612.376856,1494.753465,954.6895518,820.8684351,762.8661494,740.0620216,888.0864651,1113.217643,1449.12081,1669.607955,3152.186846,4703.137732,6290.940555,8300.396134,7724.415953,8351.768498,7765.16607,8706.439935,7870.178503,7361.350847,7211.119391,6449.351939,4207.951446,3840.932295,2766.832807,1711.332932,1434.13528,1101.197601,1194.94646,1503.454124,1838.203198,2065.041686,1921.791074,3113.345433,4423.811722,7476.852013,7925.990572,8600.572129,8710.809682
8450.452786,7771.98328,8171.869093,7616.994019,6789.881325,7569.511442,7231.737071,5050.310617,3238.668182,2613.855093,1519.596378,956.5206966,851.0817481,805.0397772,748.1796363,922.1663383,1122.025397,1477.323694,1671.468778,3183.861639,4801.855219,6417.263578,8602.942823,8125.102984,8587.954034,7817.400497,8854.401408,8417.737076,7365.923979,7270.357527,6683.749015,4420.512515,3898.734355,2894.558394,1750.173464,1437.993529,1215.975589,1218.348403,1518.916084,1911.988509,2137.786609,2001.117314,3150.946469,4439.272976,7522.982615,7951.430737,8797.041969,8898.955953
8628.916845,7785.076744,8329.827515,7628.94956,6974.092118,7746.673507,7333.271857,5053.999861,3279.917524,2730.820499,1543.28483,963.8890407,863.2898199,810.2092651,753.3106966,942.4212596,1148.380165,1482.120831,1687.37534,3218.881807,4930.031899,6445.81574,8639.986949,8212.532771,8609.031605,7861.106081,8860.768066,8457.161844,7599.308142,7305.62386,6836.746339,4533.125217,3946.032309,2938.629931,1829.829336,1457.462887,1221.081065,1250.559187,1525.696049,1953.55907,2144.920318,2025.359955,3171.404938,4461.045388,7546.443348,8057.569672,8839.316652,9068.853074
8745.024415,7972.434271,8409.277791,7731.480555,7069.676323,7788.989212,7405.722303,5193.873939,3302.71842,2749.179674,1546.715936,1050.909223,941.4262816,821.2294591,774.5522328,948.932955,1149.012907,1490.196963,1700.309136,3243.374203,4940.653653,6596.675174,8671.988388,8364.291641,8853.048586,7874.9563,8904.91807,8508.742296,7808.405835,7370.391733,6964.081366,4624.565695,3955.07935,2939.327983,1859.25996,1664.386801,1272.269492,1345.611788,1628.47123,2055.686126,2146.682397,2037.521281,3201.155582,4486.760402,7554.447539,8514.793483,8890.696578,9306.405608
8779.354567,8044.779518,8432.248525,7755.737518,7366.556242,7893.303747,7422.577882,5248.931643,3313.291732,2785.118996,1634.535192,1264.979373,954.241787,851.3578823,789.701775,955.2546457,1151.869462,1506.654933,1708.198784,3378.087214,4942.662228,6741.007839,8725.10521,8848.3912,9002.725,8021.520642,9040.704584,8518.290517,7903.371739,7472.463567,7139.967432,4667.267362,3960.296303,2984.10495,1891.728324,1713.289654,1355.949151,1349.675745,1692.623196,2102.214135,2178.733441,2077.160825,3264.094508,4495.161616,7650.592179,8610.665085,8939.392893,9490.167588
8957.806557,8084.261917,8504.325959,7920.10405,7404.389037,8044.201972,7434.537082,5253.022018,3359.57318,2830.652691,1657.423395,1301.176679,955.4071068,852.397538,856.5261844,963.2251984,1157.567002,1522.658907,1776.255909,3385.934991,4965.616686,6859.355647,8740.038229,8997.127239,9092.192093,8043.739968,9533.94421,8625.992466,8258.091142,7523.841753,7261.933435,4721.972612,4102.517772,3014.665322,1939.238527,1742.081468,1398.851143,1357.550088,1703.562939,2153.47799,2186.185513,2150.858668,3365.583347,4524.260682,7654.090476,8749.781564,9082.714214,9733.850343
9036.994089,8163.64091,8654.480634,7936.799857,7528.487585,8107.999318,7457.904765,5373.139686,3595.898031,2935.594348,1661.601395,1319.302464,963.8527244,874.5015689,871.5610712,979.8526894,1200.799204,1544.89701,1816.100303,3486.133691,4996.388735,7071.298443,8937.745837,9006.6148,9192.879526,8487.09341,9596.231591,8661.877186,8324.242503,7640.680237,7278.536333,4727.819914,4122.32813,3136.88393,2037.113255,1744.129208,1475.658026,1395.61469,1749.297674,2157.406605,2302.910554,2164.505277,3449.267424,4565.05659,7689.465703,8815.29285,9145.883891,9895.698435
9105.987948,8231.861161,8745.525667,8154.162023,7549.572004,8127.320432,7583.648057,5441.338898,3619.777351,2940.961567,1708.661569,1320.450842,985.2678284,877.6201253,897.4115732,981.2436774,1252.257583,1555.105649,1830.672265,3497.20615,5317.137934,7168.502689,8992.521641,9232.824915,9218.515667,8782.925073,9600.061465,8751.658811,8390.097005,7965.697967,7404.356572,5254.127602,4142.115421,3275.892606,2054.884092,1822.890734,1498.843161,1408.251608,1774.3627,2164.18937,2305.212557,2187.039387,3466.9376,4707.193295,7805.864145,8992.277527,9234.290915,9928.779096
9110.584319,8359.604622,8836.654528,8214.342303,7599.101433,8269.985143,7587.539802,5726.534746,3722.077474,2998.711567,1720.747189,1334.768626,1121.942477,925.9375516,906.6638602,986.6254058,1268.69121,1566.086221,1838.078322,3566.266279,5322.805073,7252.676855,9480.52048,9493.06295,9519.365316,8917.294962,9605.662842,8880.278707,8416.445675,8079.680219,7418.11825,5509.474478,4189.537778,3290.693334,2087.998615,1970.107291,1504.469894,1414.271393,1817.124654,2223.159951,2333.917504,2190.211173,3505.709282,4750.351025,7829.513014,9110.678047,9449.067489,10860.37684
9161.329794,8389.496686,8992.444706,8410.858205,7691.602894,8324.94615,7665.960384,5893.267959,3782.352126,3004.164479,1809.328087,1385.332889,1129.768824,966.9062343,941.2778199,1004.451264,1290.14468,1570.418292,1840.387667,3597.682788,5385.172214,7434.588209,9526.0478,9493.45393,9666.848676,9090.693093,9904.661985,9124.529619,8568.409108,8150.83317,8093.720009,5817.16351,4257.311574,3452.529607,2185.992197,2053.7609,1505.130204,1447.510202,1822.311154,2229.709113,2344.736993,2195.86047,3509.943228,4760.24759,7885.309622,9112.681615,9507.628639,11033.58688
9180.631733,8418.25023,9075.139366,8414.571364,7822.892076,8361.504272,7702.359621,5897.915826,3825.419105,3026.510988,1824.462908,1394.581454,1135.136078,982.2265035,961.6883566,1011.284427,1294.811469,1591.246973,1850.99093,3649.975248,5451.277834,7642.778388,9556.309559,9494.146116,9775.5932,9246.595172,9907.04326,9224.31145,8715.537436,8225.857582,8179.106386,5885.610618,4262.937925,3634.438408,2331.942004,2065.324373,1548.745196,1448.060927,1849.966892,2260.976356,2356.320919,2226.657,3558.376607,4915.677695,8072.339735,9120.239936,9593.492229,11105.44542
9218.129205,8510.669706,9096.804658,8826.286833,7876.309589,8519.592601,7798.266303,5993.176226,3875.765833,3030.586356,1825.578186,1395.106065,1151.25694,997.9391679,967.1862698,1014.948124,1307.870282,1599.918813,1873.229823,3661.552302,5551.796898,7835.147019,9620.354675,9621.32888,9942.112073,9467.207686,9907.875943,9281.139216,8796.864193,8272.313563,8252.068391,5979.452117,4291.068664,3634.90207,2424.98561,2087.451315,1564.836312,1501.263138,1932.165335,2267.463673,2415.0029,2281.983919,3564.946451,4974.220217,8172.544488,9287.169694,9686.157037,11198.98752
9274.553762,8541.752459,9108.874439,8838.167612,7893.133396,8745.962176,7833.580184,6136.43342,3903.160201,3073.93964,1840.776867,1463.142897,1154.426919,1063.555389,969.8975933,1034.314872,1316.430181,1608.952994,1888.303639,3670.773182,5555.225261,7837.044836,9713.278003,9659.252372,10179.27001,9488.369953,9915.129435,9293.680444,8840.217968,8399.035592,8382.379542,6143.887656,4352.173225,3665.260899,2453.377986,2100.230265,1598.595381,1528.231792,2008.835006,2321.027102,2468.740029,2300.161504,3600.715438,4978.004386,8536.288864,9293.074588,9926.043049,11658.53624
9457.580011,8790.233706,9115.563912,8940.302594,7948.137521,8778.957459,7850.094945,6252.929526,3993.647946,3081.447661,1900.827496,1508.908886,1191.74581,1100.394964,976.857757,1044.486299,1348.344865,1676.359211,1937.102662,3729.631569,5665.926831,7958.133515,9806.27879,9683.404346,10240.53623,10279.51025,10033.64456,9308.387222,8993.998103,8508.525663,8557.811164,6154.056681,4357.389262,3718.233482,2481.435108,2113.6103,1603.151712,1556.274272,2023.529487,2322.922225,2558.286084,2313.149349,3610.292754,5008.585209,8550.75271,9656.966975,10118.24293,11698.76737
9556.460001,8799.350177,9158.950247,8986.721443,7955.657455,8927.668592,7943.768082,6345.967029,4019.124161,3131.764476,1902.721111,1514.437785,1199.234621,1112.824125,1000.292144,1047.251902,1348.795052,1686.076393,1964.520565,3736.718043,5958.819864,7995.620983,10249.77032,9709.699355,10271.2253,10333.63381,10048.94412,9369.394277,9060.271594,8596.508495,8648.274646,6247.819645,4375.292491,3729.025701,2491.932307,2141.136004,1605.063604,1576.775958,2036.392916,2329.699594,2560.122699,2373.279382,3659.346105,5030.40664,8553.99592,9686.954853,10433.52078,11757.90569
9673.370027,8816.616858,9176.864193,9038.454926,8058.000315,8942.177836,7964.747481,6377.751538,4099.361494,3156.530024,1926.002035,1519.786289,1223.50102,1130.474474,1006.786263,1062.86257,1380.31261,1686.140318,2008.779352,3763.056496,5992.264633,8100.470952,10530.21946,9746.161874,10483.91986,11001.1951,10107.93803,9427.654726,9072.209497,8728.950453,8746.738374,6320.337667,4377.469591,3806.43634,2558.338194,2172.29116,1660.754637,1621.319351,2091.660788,2338.878602,2587.362539,2427.354305,3672.048466,5079.580536,8731.882844,9695.754994,10466.29016,11799.3618
9712.875831,8878.56164,9197.770817,9098.435332,8069.009517,9018.778763,8036.364957,6429.611274,4149.309853,3190.371232,1939.589177,1520.598327,1234.505848,1136.866655,1011.435812,1077.585038,1398.035804,1707.449693,2125.744168,3785.194047,6025.657249,8293.090394,10573.78635,9967.395368,10512.51679,11152.2757,10147.38827,9551.227629,9080.487199,8990.669731,8992.093907,6349.030082,4408.396003,3822.681688,2636.71427,2182.620192,1718.548441,1725.796231,2133.682124,2378.738782,2594.164501,2444.883855,3819.191775,5102.066209,8837.343917,9713.450057,10539.02143,11800.34308
9949.131805,8906.405327,9237.421141,9114.246352,8103.596764,9122.623356,8076.066878,6487.71241,4181.595155,3291.093001,1970.897756,1524.968359,1253.967475,1142.067306,1016.942568,1092.391175,1403.842081,1713.872832,2125.960012,3868.642114,6050.484483,8423.181927,10674.07632,10486.42182,10522.15276,11196.1515,10187.37221,9603.71487,9456.195833,9118.534451,9260.977721,6607.789836,4585.82181,3928.748054,2661.14902,2183.330673,1792.816689,1812.406602,2189.071273,2402.42127,2598.887489,2484.853084,3886.63351,5153.670394,8857.010503,10012.87144,10618.0919,11987.87718
10083.10411,8991.219703,9309.573019,9213.782904,8182.726888,9262.601735,8181.287576,6589.12263,4211.887017,3299.537898,2026.258356,1527.611289,1254.913717,1156.684254,1055.044487,1092.487427,1418.478872,1716.202527,2241.971285,3921.499711,6113.517095,8454.668606,10765.70224,10602.9574,10575.31064,11211.08213,10205.88082,9765.289028,9705.814314,9184.104594,9306.796736,6617.406973,4703.950611,3940.269709,2677.796553,2207.439331,1825.28491,1839.125559,2222.495142,2444.739901,2602.828892,2518.522985,3978.77941,5164.521264,8885.454827,10030.87955,10667.69422,12321.81888
10166.67844,9004.262427,9421.084615,9336.837651,8546.127787,9411.546944,8199.293108,6589.396452,4211.913504,3311.971037,2028.642358,1539.264185,1267.216946,1158.008283,1091.168484,1102.209216,1434.153858,1723.834136,2254.136789,4054.636669,6208.766046,8931.327264,10996.0385,10794.02637,10579.15532,11253.48193,10717.39787,9866.699225,9705.935277,9459.920551,9510.725723,6661.750198,4711.871057,4009.963591,2742.016108,2235.290473,1844.741079,1865.777432,2225.883992,2555.936513,2615.849518,2571.953844,4012.104769,5259.007463,8943.324483,10091.16241,10679.30002,12377.92348
10183.27481,9147.938538,9451.8494,9360.702156,8583.542117,9413.599273,8211.854305,6665.609385,4242.11744,3318.451789,2172.260095,1564.191594,1285.565912,1214.976374,1100.118943,1113.7446,1447.254068,1746.318498,2262.958734,4059.964523,6227.226701,9010.765667,11045.90219,10870.97799,10605.25328,11551.81526,10765.1024,9973.675902,9901.667305,9463.165571,9560.968885,6749.254656,4726.412671,4084.154993,2770.954199,2250.162134,1869.894722,1948.888529,2235.522812,2584.470473,2742.52493,2595.719642,4076.622683,5303.485477,8958.232663,10176.57675,10754.08161,12499.35396
10332.50493,9237.478758,9909.960618,9375.975356,8695.397183,9487.403247,8240.391698,6838.341646,4253.528714,3331.632935,2184.447533,1614.609966,1291.191526,1234.854172,1122.850807,1134.106329,1490.760125,1759.139194,2264.991598,4068.265739,6280.82688,9097.525725,11074.20651,11098.98387,10618.7001,11603.44816,10891.25748,10009.65085,10132.3088,9477.274607,10071.63125,6763.440365,4806.529388,4086.887386,2811.084903,2277.04779,1875.134809,2018.863909,2255.499057,2627.240042,2872.429745,2629.110794,4189.540792,5362.767815,9041.827627,10208.46163,10755.65577,12518.92166
10410.41858,9265.066063,9926.948128,9806.357987,8738.761101,9505.734894,8249.043374,6888.577971,4261.885173,3353.304822,2210.697834,1625.670524,1291.413114,1256.043623,1127.92911,1138.746703,1500.135088,1764.654657,2265.577984,4072.985228,6322.566018,9117.047719,11130.71847,11127.56739,10624.50341,11614.96836,10956.27481,10105.04356,10177.48862,9491.696808,10132.21953,6962.587316,4839.205742,4108.008092,2877.903664,2340.661295,1904.950755,2027.878936,2274.982695,2685.816016,2886.104752,2652.716383,4275.603662,5490.823564,9107.617309,10360.23245,10852.53762,12781.99456
10446.2468,9319.664591,10081.75302,9835.903308,8802.961669,9545.694334,8264.503965,7083.156066,4414.598213,3353.508331,2298.315125,1631.049017,1293.353021,1260.4369,1140.106911,1171.958881,1522.561852,1858.9368,2285.261772,4077.251583,6333.578293,9131.04095,11223.08035,11168.0598,10632.51527,11661.90145,10956.80505,10185.0174,10279.73544,9514.708208,10157.84358,7484.529496,4902.498999,4114.101502,2884.327814,2362.830109,2000.7066,2046.266687,2278.785478,2691.116665,2925.247016,2801.701689,4324.558558,5512.795822,9159.667209,10442.83078,10964.2315,12977.00753
10453.83184,9324.291607,10085.2291,9878.671741,8813.947122,9856.549422,8369.411034,7186.814083,4453.325896,3372.786372,2324.610622,1654.54198,1310.276982,1271.718466,1158.763814,1172.490677,1550.840767,1879.629904,2333.386089,4080.867758,6379.863586,9139.580662,11259.83779,11304.01046,10648.99882,11669.89622,11000.0488,10282.50064,10307.71839,9593.536365,10193.13607,7506.949218,5047.694542,4262.194911,2888.479171,2439.541996,2015.622158,2230.187879,2294.784603,2724.040662,2925.903317,2856.837189,4396.984459,5570.414009,9185.913897,10513.72585,11145.45479,12994.58095
10485.83576,9510.99303,10179.7227,9954.00837,8862.673842,9987.945034,8378.551415,7211.887776,4479.731887,3534.761147,2335.375625,1668.833497,1324.983224,1284.700391,1191.714996,1183.555045,1555.723196,1890.648449,2374.604024,4084.600114,6430.996113,9158.685589,11538.26954,11369.75795,10929.2264,11757.51523,11036.38255,10288.68057,10439.13425,9695.744164,10276.93578,7718.945987,5167.967291,4318.321531,2948.394141,2441.565097,2018.822693,2325.764473,2341.059292,2754.558128,2933.086418,2893.04339,4411.789499,5673.292952,9203.047003,10714.47103,11249.689,13072.09246
10574.90976,9527.26865,10359.28728,10121.08239,8907.365075,10037.39303,8522.726761,7248.382921,4509.335723,3553.99206,2373.579947,1676.028788,1329.463594,1288.100992,1203.622282,1196.615108,1593.747756,1902.333811,2394.296474,4095.869093,6477.009414,9161.965477,11604.47648,11538.08908,10987.59972,11918.66425,11159.01161,10507.99275,10590.64964,9804.386632,10293.33061,7853.563318,5378.99136,4321.459346,2970.696561,2475.955692,2019.490844,2333.952364,2362.949763,2757.647127,2950.983748,2894.624698,4415.598172,5716.381029,9276.335566,10840.9771,11252.35595,13096.04542
10684.09908,9661.293524,10470.97623,10249.61105,9065.578561,10092.63572,8556.62202,7290.984619,4550.550022,3560.276097,2393.554834,1685.875312,1329.669592,1298.71981,1207.703119,1206.413613,1605.640634,1903.867903,2439.027517,4139.555925,6477.465839,9213.924637,11720.94058,11647.56284,10988.23823,12017.52065,11247.97855,10585.59632,10975.29661,9868.996628,10389.70257,7884.883795,5607.179354,4360.79555,3011.324865,2502.848787,2022.379784,2343.592921,2388.291056,2790.037293,2969.844186,3006.226982,4557.735971,5755.688632,9308.294797,10850.84868,11333.78383,13397.26626
10723.22084,9679.326083,10526.79775,10318.35051,9105.518138,10131.19665,8564.230696,7320.178277,4569.965593,3572.664225,2405.862171,1731.183013,1332.679117,1315.674886,1226.919262,1216.846876,1636.268157,1907.724748,2472.920908,4147.988935,6493.69283,9265.841312,12326.74402,11754.32185,11282.63682,12063.25306,11290.51463,10589.8831,11065.41837,10028.12015,10445.65318,7910.041198,5611.886306,4376.455531,3115.131514,2510.287459,2038.662692,2366.951429,2408.712095,2801.163667,2971.347833,3023.94091,4558.193393,5891.501659,9330.462284,10966.04153,11370.38584,13459.48505
10730.27713,9782.859355,10697.13578,10383.90203,9142.240976,10140.37238,8664.942879,7477.053866,4610.753902,3588.487591,2426.465311,1751.235877,1341.122445,1320.918854,1260.434109,1229.897337,1645.116256,1939.623679,2506.865636,4185.361147,6573.770398,9305.027686,12431.16359,11798.98916,11307.51685,12069.7113,11362.24718,10674.13823,11225.56587,10146.35756,10463.2745,7946.609886,5756.549993,4398.00446,3151.800662,2511.447943,2063.960113,2422.858594,2415.644828,2806.810819,3042.33553,3035.774441,4585.880153,5989.46101,9392.120485,10993.67098,11445.27454,13460.35355
10790.40707,9947.289515,10727.61445,10501.90358,9143.643483,10168.58416,9052.431561,7478.514406,4621.532412,3650.484969,2507.667442,1751.595102,1357.599421,1331.363216,1267.896664,1251.312955,1646.796445,1948.783876,2507.994121,4188.149111,6608.273097,9428.098326,12539.57688,11805.39583,11379.1806,12160.88919,11451.31697,10905.62849,11264.58672,10168.38169,10475.3821,8143.942793,5916.387651,4433.631259,3158.054174,2518.124894,2084.335948,2422.885949,2422.536595,2843.258969,3072.845559,3056.090639,4589.552143,6001.901908,9397.99926,11032.07623,11473.2097,13617.71142
10840.47878,10020.51421,10773.74082,10718.1172,9145.516897,10198.90649,9054.85935,7756.630733,4745.129041,3739.493479,2563.777421,1769.296304,1381.937749,1362.093078,1272.560754,1253.313219,1679.638107,1949.164105,2515.061303,4194.33793,6614.552684,9460.368587,12576.57293,11813.75359,11407.88262,12185.60525,11492.01925,10973.49858,11330.07658,10440.25247,10689.78249,8213.729958,5950.426303,4442.427279,3212.522564,2518.849213,2103.53639,2430.527451,2428.42741,2941.178304,3123.867378,3069.618574,4921.89597,6007.30819,9403.50926,11166.7374,11533.24435,13665.38253
10899.97333,10182.90683,10807.42512,10830.30984,9187.040018,10202.97739,9077.08683,7809.416879,4788.843327,3769.354623,2597.248679,1825.361699,1389.838497,1410.824559,1315.138997,1261.444177,1685.749545,1979.124052,2518.12699,4197.337196,6668.815039,9563.210766,12743.508,11815.82957,11444.25911,12294.53594,11531.49852,10973.8946,11350.70711,10535.98573,10696.52044,8218.592397,5958.922856,4513.395378,3233.579594,2574.965581,2190.323012,2457.811374,2466.036541,2969.02792,3154.53127,3073.538688,4938.673802,6024.478781,9452.766429,11352.88718,11622.03628,13666.18487
10964.3284,10235.57304,10815.74367,10874.75626,9243.528397,10254.59362,9155.158415,7811.852339,4792.261904,3776.999838,2683.311474,1870.131279,1389.856229,1452.098768,1379.445913,1262.547588,1689.023103,2041.409535,2560.600813,4211.114817,6857.393858,9641.558927,12771.66364,11870.63831,11568.45768,12343.85492,11614.79816,11039.52185,11384.55691,10634.93406,10710.41587,8231.958077,5974.496889,4515.861161,3288.034629,2587.38598,2194.4143,2518.744402,2473.652926,2976.065151,3159.697928,3163.070641,5093.488755,6110.057794,9474.676686,11356.62009,11662.96932,13744.04072
10979.50634,10504.26208,10874.63726,10979.6795,9376.384985,10351.90617,9252.211637,8119.534235,4811.63863,3779.193178,2729.471618,1871.851008,1400.85837,1485.708825,1393.298277,1273.558205,1708.927432,2073.614974,2563.73231,4239.666402,6980.997262,9705.389526,13024.59892,11961.10994,11602.59683,12701.11278,11643.91934,11179.47007,11564.21195,10660.80151,10738.78054,8308.546934,6029.347033,4545.299316,3306.838838,2595.296456,2196.544754,2526.497252,2545.990425,3020.958638,3168.752515,3186.44683,5107.211032,6186.93039,9507.142619,11366.00204,11737.54752,13823.80073
11040.18541,10573.8778,10881.39143,11142.60724,9496.499259,10408.77726,9281.047495,8188.238911,4865.887155,3833.563048,2761.028438,1872.620946,1408.971859,1502.444316,1402.411514,1276.306752,1759.499688,2084.609625,2580.449472,4312.172284,6989.670249,9744.833476,13162.65901,11982.44353,11634.0651,12772.13163,11725.62162,11279.19576,11572.32398,10860.6056,10756.92619,8319.110123,6166.456256,4580.182431,3350.823951,2607.489536,2197.752884,2550.251272,2614.228247,3083.754085,3175.675066,3192.851265,5156.891295,6218.730757,9510.173617,11382.75962,11757.6245,13969.6595
11047.57935,10747.8291,10883.09633,11238.74293,9624.104988,10429.26271,9390.798233,8253.242964,5029.443374,3852.758019,2776.465819,1872.819509,1417.054525,1561.325993,1429.357792,1295.547029,1775.092153,2089.201792,2613.329874,4314.155845,7017.216138,9768.653641,13194.68476,11996.62693,11839.81647,12937.64143,11761.51754,11567.04129,11755.0028,10868.87168,10795.62179,8387.1552,6258.070152,4626.099786,3352.560073,2612.367329,2288.648459,2632.338364,2631.899955,3211.549089,3184.174696,3202.559757,5275.145516,6299.619934,9578.098958,11402.80548,11859.95145,13992.14618
11130.76324,10825.19098,10889.26844,11253.34262,9693.381808,10441.64643,9392.58358,8268.783849,5037.499438,3907.43051,2813.769248,1911.348684,1425.117892,1615.049987,1434.868695,1313.179615,1786.076831,2094.15727,2626.309105,4315.826679,7028.541221,9777.502557,13198.54502,12045.55117,12086.18644,13262.15784,11845.6605,11595.80607,11760.21323,10997.9642,10815.21675,8417.996094,6368.771412,4628.583596,3375.859862,2629.713739,2303.035061,2685.409808,2708.313386,3220.861798,3246.399449,3238.081796,5363.222465,6300.052396,9739.013526,11575.01596,11986.5853,14048.20189
11259.47227,10878.45915,10947.54489,11254.87974,9758.444753,10465.19142,9428.376637,8283.653369,5123.307302,3941.441818,2889.846978,1924.511449,1428.478516,1617.220088,1446.608485,1339.353728,1813.591943,2106.659377,2697.864818,4419.532147,7094.309773,9863.899533,13492.16116,12063.84234,12127.63814,13337.1629,12028.37256,11612.331,11769.35816,11056.32239,10831.25309,8474.051156,6374.70868,4662.834592,3456.846644,2660.16336,2349.156657,2706.286703,2723.382981,3292.219132,3254.534622,3243.212299,5404.806424,6315.061288,9799.69955,11650.26059,11999.14339,14072.07742
11320.33914,10906.1038,10952.31765,11285.99387,9760.874867,10547.72688,9502.626189,8330.077375,5176.33368,3943.958173,2904.233109,1943.723478,1430.174901,1634.879292,1447.652724,1344.245874,1813.847143,2138.273816,2697.947229,4475.093359,7100.325474,9920.008638,13594.54769,12129.31336,12150.41703,13482.86016,12033.4371,11617.85728,11800.03992,11228.18279,10840.08905,8587.446381,6487.280992,4797.301678,3518.839275,2703.499078,2352.948026,2736.965196,2736.562364,3322.181751,3267.065957,3254.072576,5524.027791,6381.787137,9831.989379,11736.75295,12073.60854,14197.26235
11322.27682,10936.17067,11003.49132,11326.70769,9778.758932,10715.97091,9536.120316,8343.929289,5224.760768,3983.858555,2954.828321,1963.808924,1458.103208,1635.767443,1491.421324,1345.49816,1830.104046,2149.562113,2705.213992,4503.914674,7173.053902,10033.04766,13643.1325,12389.00342,12306.59155,13563.73006,12041.07182,11682.87369,12090.7245,11264.02697,10891.09555,8593.114554,6551.931205,4801.722445,3522.906201,2752.610875,2360.789105,2790.758247,2890.984524,3341.34643,3278.940075,3276.189223,5537.07419,6412.722126,9914.699158,11744.47815,12101.93749,14392.78738
11484.63352,10975.88162,11017.71389,11359.91749,9878.966211,10949.42703,9664.22475,8398.095693,5303.230008,3994.131756,3010.947993,1982.037951,1483.072283,1644.529944,1539.31746,1349.259798,1837.40218,2188.642305,2720.523595,4544.790891,7201.464793,10062.27181,13818.93914,12420.52313,12485.36913,13607.83519,12106.7575,11694.48765,12147.61134,11284.76806,10904.96446,8636.058481,6614.955531,4875.208432,3546.485052,2765.320916,2372.197033,2808.963449,2903.091822,3352.414331,3285.550353,3302.278948,5670.087555,6426.357947,9963.275322,11879.6702,12207.69834,14456.20686
11553.44731,10999.761,11065.70157,11436.10622,9908.554943,11123.98521,9669.093252,8400.110595,5415.730203,3999.179456,3024.961226,2016.643587,1505.841543,1690.318229,1579.92121,1392.729958,1839.380207,2194.444191,2725.328689,4556.156355,7226.11394,10062.51352,13909.55089,12424.59398,12678.72451,13616.77436,12293.96819,11772.60895,12234.70612,11289.83354,11722.35369,8687.471626,6734.26549,4956.311507,3585.831649,2833.821136,2424.156806,2835.287278,2915.875692,3363.633527,3297.103782,3363.743919,5685.840377,6520.198591,10078.13393,11947.4835,12253.25154,14472.44207
11564.18271,11050.13424,11075.56318,11455.4847,9920.293258,11138.56342,9796.643168,8520.813428,5452.412471,4061.780062,3066.369801,2018.978428,1577.813313,1690.335199,1581.445176,1395.897952,1852.780694,2201.965783,2760.781717,4620.532525,7397.53134,10094.01947,14004.63041,12450.32256,12752.22638,13640.07683,12294.32836,11795.92098,12256.67262,11351.39382,11743.43456,8757.874623,6739.10027,4993.635835,3591.087235,2846.08968,2427.678628,2889.441001,3039.964488,3367.659138,3309.07295,3385.274476,5692.337966,6530.456164,10093.55257,12118.62184,12269.46054,14509.92515
11603.25532,11132.96158,11078.69784,11620.81251,9952.905869,11170.21638,9922.813182,8655.865978,5464.434667,4067.102914,3071.315027,2123.485859,1633.414821,1692.645286,1610.463729,1416.927233,1863.691002,2246.967027,2761.304151,4655.799339,7510.330892,10145.92427,14030.00746,12470.89219,12900.32321,13641.07781,12324.40117,11841.47614,12272.46672,11403.11508,11746.68855,8835.914083,6747.444977,5130.215414,3598.848651,2982.258671,2431.493458,2946.876255,3048.391701,3372.048774,3366.633264,3448.845873,5806.67398,6617.267672,10111.11137,12295.93985,12422.42214,14515.79789
11636.86311,11200.06348,11171.33996,11626.40514,10236.37179,11229.31196,9967.253081,8681.767691,5507.471129,4069.161138,3092.964496,2132.533108,1643.196333,1694.596056,1618.160274,1424.389957,1881.271792,2281.068441,2767.914742,4719.581669,7565.301368,10296.16594,14141.21164,12530.7348,13025.64351,13884.03964,12435.42727,11961.45001,12296.65283,11518.95852,11863.68918,9033.941239,6748.606819,5154.748924,3608.119064,2989.627892,2436.35682,2961.536332,3082.363944,3385.935816,3392.443715,3584.222787,5951.951155,6617.768289,10126.75341,12342.87034,12544.28587,14887.5607
11698.31332,11213.52537,11253.14036,11626.96093,10245.57136,11347.82166,9991.672632,8687.585404,5573.728287,4107.777685,3098.094889,2196.824403,1695.09088,1708.658929,1621.122897,1433.319236,1887.821403,2306.825089,2794.605812,4723.163962,7597.263731,10404.35861,14218.84792,12552.06251,13036.81187,14006.93113,12522.54313,11990.46511,12301.17759,11537.33302,11876.54845,9048.087631,6800.424879,5183.098514,3631.610458,3055.252228,2596.473271,3021.266755,3103.593757,3412.249168,3402.401093,3597.434667,6074.535269,6742.027251,10176.66003,12569.28368,12602.81696,14927.21431
11747.04176,11413.69735,11263.6513,11639.08857,10265.9374,11357.86304,10026.87494,8723.950419,5581.227817,4146.949677,3109.301625,2210.707943,1725.375498,1759.699713,1658.871126,1536.718978,1889.632618,2334.934237,2857.303131,4724.392159,7602.33853,10532.42399,14305.09366,12644.88689,13094.85266,14128.67332,12608.44254,12028.21078,12448.58849,11608.83015,11920.9779,9057.850151,6916.105073,5188.144955,3652.082757,3078.746123,2619.30231,3097.899909,3132.444216,3463.496804,3421.121566,3648.00223,6150.410184,6799.69486,10219.71442,12590.28443,12645.56449,14981.17328
11843.95145,11448.03768,11294.93521,11641.4695,10276.00245,11461.89726,10053.05777,8844.106034,5584.832435,4160.03657,3127.268997,2220.898889,1745.243869,1786.346811,1705.724682,1558.015742,1899.54464,2340.989686,2883.437189,4734.794461,7621.924143,10578.46485,14312.83044,12719.89256,13099.57842,14157.26809,12610.51126,12054.77911,12579.75952,11649.49518,12019.76277,9139.492227,7087.815164,5256.398695,3654.58123,3129.581055,2639.789489,3112.502124,3291.849341,3471.105923,3429.229488,3653.625511,6203.167567,7032.221237,10222.07342,12648.74041,12661.03596,15088.30815
11865.58653,11474.22554,11361.16603,11641.91588,10309.01432,11465.31136,10090.05759,8876.858939,5669.788201,4197.803925,3153.036216,2231.307071,1807.595069,1787.396755,1714.594543,1688.07493,1925.940487,2342.829248,2923.155736,4766.769682,7717.523423,10663.4533,14316.32585,12725.60577,13118.32483,14290.30877,12638.33386,12108.07732,12588.14249,11707.70522,12041.33056,9220.287432,7094.956376,5400.23538,3734.201577,3134.958924,2679.235753,3230.931173,3316.5719,3510.506997,3465.784284,3729.35292,6238.069873,7033.350193,10240.75382,12665.25992,12757.26597,15323.28258
11897.16937,11504.55727,11373.71097,11689.57604,10533.88993,11473.09136,10090.57432,8887.955948,5720.6023,4224.495691,3190.954594,2235.419716,1820.549987,1797.52664,1796.426754,1689.742641,1926.719415,2355.613676,2940.095871,4793.915934,7765.752198,10769.66229,14397.02349,12762.63235,13169.85967,14588.25273,12710.50503,12139.07148,12637.54401,11797.51219,12096.42178,9330.569392,7096.659658,5418.309113,3817.784499,3140.772452,2791.263841,3310.648811,3347.441058,3585.728098,3477.214147,3839.237941,6490.43179,7060.297785,10296.35895,12682.88448,12929.3417,15404.36299
11939.88547,11584.99508,11467.6214,11840.29832,10555.20765,11513.88964,10132.84033,9059.438855,5859.249317,4340.669631,3206.638357,2243.176082,1842.782938,1804.366841,1804.947036,1696.067026,1928.90467,2421.764895,3020.408293,4833.250374,7821.975993,10791.93931,14518.73624,12853.33112,13196.76286,14589.46848,12797.73983,12254.86922,12731.01941,11825.88788,12329.3456,9550.378907,7154.366036,5428.479162,3878.170926,3189.361964,2862.366214,3416.107369,3468.630291,3631.863489,3485.696388,3853.384334,6567.202644,7207.601903,10316.87743,12792.28897,13205.99501,15461.84326
11955.63013,11593.82142,11474.0525,11843.84993,10574.74019,11533.64491,10193.62624,9089.305376,5864.798337,4363.186419,3221.69199,2253.256486,1865.020059,1825.895078,1811.495698,1712.982708,1961.537398,2426.277444,3154.43287,4938.821029,7861.638545,10810.57964,14577.82029,13010.37625,13204.44545,14842.68654,12872.77072,12381.35343,12763.69232,11831.81,12379.47301,9625.62838,7167.303383,5550.745353,3883.020204,3262.236822,2912.895924,3425.31635,3515.236001,3680.661757,3611.697642,3862.682639,6596.118782,7279.997391,10347.61326,12905.30905,13243.36929,15566.1952
12046.81441,11609.15923,11481.27805,11876.92747,10627.88038,11586.64109,10413.00893,9130.510041,5890.882115,4372.241288,3223.594033,2272.371917,1865.569249,1827.511705,1819.004101,1742.836035,1968.736393,2498.238793,3164.814608,4955.821743,7957.335817,11007.96432,14799.63649,13195.86415,13274.48185,14848.15601,12929.32671,12478.38097,12913.74479,11902.62745,12451.92707,9847.927569,7224.529646,5608.375357,3898.020046,3277.889008,2972.105469,3467.573823,3527.930225,3724.491121,3619.136751,3895.739724,6651.57778,7334.750285,10379.39082,12919.31017,13255.85895,15573.96122
12056.3887,11694.38535,11494.34824,11906.9524,10674.05559,11591.8505,10436.13458,9228.792325,5964.652642,4415.915159,3242.8128,2282.518397,1866.367649,1834.732941,1822.930354,1785.87648,1972.399293,2501.676204,3227.416289,4966.42712,7989.097254,11145.43412,14888.7257,13431.57064,13318.13576,14991.03002,13149.74546,12516.7949,12998.91287,12022.91751,12516.68909,9851.959073,7255.059287,5611.030901,3923.177582,3309.15023,3038.568925,3473.006137,3617.233864,3795.408672,3633.711148,3897.593084,6753.684711,7397.644452,10445.44885,12919.5394,13576.54498,15645.45341
12070.46279,11725.14999,11494.47486,12001.11097,10815.30418,11605.29808,10489.49741,9257.866526,5974.897662,4421.638037,3306.669147,2291.55405,1867.483268,1842.680955,1825.02967,1793.602991,1987.807289,2521.941312,3396.336267,4993.64878,8059.432846,11159.37216,14944.95903,13446.34029,13359.28132,15024.74053,13217.1195,12672.83825,13001.7415,12034.10639,12546.96934,9903.308596,7276.712126,5613.79855,3996.746663,3344.53574,3075.841261,3475.542559,3715.60787,3905.891558,3754.800823,3901.451531,6781.232415,7404.854232,10573.39181,12946.67938,13585.45885,15684.22219
12292.62852,11731.67749,11505.40057,12004.3891,10888.28451,11657.27375,10543.83206,9354.052344,6037.491719,4427.77728,3309.983605,2301.566135,1908.20365,1848.334761,1830.426221,1806.938852,1992.996032,2538.785195,3418.388849,5002.128041,8065.896874,11198.15957,14977.78631,13525.15304,13393.99899,15051.85014,13336.84613,12852.17889,13023.41857,12181.22491,12932.47091,10036.3611,7300.155978,5638.770525,4010.253416,3349.341995,3105.047363,3506.930237,3743.138129,3908.445471,3769.81458,3928.630044,6806.999089,7434.37444,10576.71638,13110.41735,13587.862,15703.8232
12319.84104,11735.59057,11577.45209,12023.35187,10994.07242,11687.11392,10546.05881,9366.588418,6038.937413,4451.150921,3323.736648,2302.464604,1918.878469,1857.204787,1832.978682,1828.952568,1997.719241,2586.878558,3426.175513,5017.945611,8129.143542,11231.60621,15081.84961,13588.65919,13420.20922,15173.44617,13372.87523,12920.3122,13211.41679,12259.62061,12944.77711,10058.01515,7327.647932,5656.677717,4012.554994,3362.40708,3114.126364,3522.807581,3772.116983,3968.577919,3837.109677,4013.654108,6821.653865,7504.070397,10582.33864,13112.6785,13608.71631,15732.61534
12343.65508,11859.35548,11604.0122,12040.24282,11244.95338,11755.63637,10677.12618,9375.604528,6087.217699,4466.696034,3337.914806,2333.726234,1919.516365,1865.175839,1835.253116,1832.232534,2014.599873,2601.112909,3453.655753,5028.551645,8160.237848,11361.68086,15143.63912,13620.14374,13739.66161,15185.70077,13394.46691,12973.42133,13260.65468,12316.48361,12945.06966,10251.11846,7335.455132,5658.588126,4047.379527,3395.707242,3117.297859,3540.162461,3798.963667,4188.036135,3924.581122,4040.072368,7092.038665,7525.923902,10610.17282,13165.9341,13664.9343,15762.02871
12358.37383,12029.74226,11677.47548,12084.32426,11251.09935,11843.75216,10696.3295,9516.108603,6150.123671,4467.684304,3370.437745,2347.303792,1950.651423,1925.061587,1835.413835,1839.502117,2035.99177,2601.908366,3477.487716,5097.704642,8187.331112,11364.42414,15290.70227,13626.3971,13806.65965,15193.31771,13607.73193,12997.51732,13352.57955,12351.55522,12993.15793,10307.50288,7353.1366,5679.089071,4072.100885,3505.844931,3120.205662,3588.796417,3799.433835,4223.441361,3957.183884,4087.192485,7173.593752,7533.727969,10689.92615,13223.80043,13694.88088,15981.9705
12381.7395,12071.43103,11696.2137,12248.02782,11253.54959,11869.4996,10719.65403,9528.957145,6151.604188,4514.489633,3377.990448,2359.57301,1972.62984,1930.35057,1874.608742,2011.295119,2038.443528,2695.911669,3488.97005,5149.950751,8399.006636,11429.69294,15545.5277,13640.66235,13833.06603,15433.01647,13664.43852,13397.90754,13584.68096,12374.35111,12999.86265,10313.07615,7363.004601,5736.147122,4078.384368,3649.519877,3193.455135,3611.087421,3802.537783,4298.30131,3994.101287,4140.496525,7223.521489,7610.736195,10769.82032,13379.7476,13711.2455,15986.89146
12396.67843,12082.17326,11752.96877,12290.53317,11265.95446,11897.50342,10742.73532,9533.102832,6211.320604,4546.475613,3407.574634,2374.060907,2005.362603,2041.130361,1925.388419,2021.383901,2061.177389,2714.967536,3564.629861,5154.75871,8423.658266,11582.26984,15852.43371,13907.9999,13875.5866,15457.5599,13727.0242,13466.99191,13602.10538,12444.75403,13021.3984,10340.63802,7373.141312,5766.31546,4081.199122,3685.569437,3250.582688,3626.40784,3802.666654,4332.227299,4001.410841,4160.119303,7273.78839,7625.244958,10789.69666,13459.7645,13823.76279,16071.32679
12493.51337,12105.30724,11754.08602,12295.87281,11431.13109,11924.77466,10826.38021,9546.079989,6248.984829,4547.340273,3424.204087,2396.78083,2101.956136,2136.219763,1960.464974,2040.188863,2069.332748,2718.484286,3570.940482,5294.750295,8490.884751,11634.84407,15863.09123,13947.6462,13991.03176,15690.70264,13833.16807,13626.69527,13635.52717,12551.42341,13043.91891,10347.57405,7627.997353,5781.518435,4127.219417,3707.239908,3356.624851,3785.725262,3927.692618,4361.974777,4021.518557,4191.671868,7359.86697,7703.941644,10811.74153,13475.48113,13887.84783,16202.97969
12563.79426,12173.46624,11759.81152,12315.68094,11434.94382,11947.55007,10927.94387,9607.811878,6251.424553,4578.845886,3436.7468,2408.548226,2123.181529,2190.045957,1960.978732,2040.503287,2071.264638,2766.121028,3573.578069,5406.38836,8568.38361,11693.76964,15866.19854,13952.19769,14027.34489,15712.56305,14094.88362,13677.14056,13780.41585,12913.77182,13059.73999,10408.10009,7642.089243,5795.736473,4252.89836,3749.255816,3417.175674,3894.146938,3939.403285,4414.063585,4089.505662,4214.117263,7374.595278,7767.89577,10830.88914,13611.41609,13930.04004,16212.39906
12601.13765,12360.77857,11905.21996,12363.92399,11470.62677,11975.86376,10967.46055,9715.695739,6271.777711,4585.387144,3467.673172,2417.187875,2171.231182,2190.288888,1971.436457,2053.211,2087.66724,2781.389036,3584.732893,5426.853907,8669.774869,11743.24712,15917.76873,14069.96472,14165.83188,15805.08437,14149.05754,13718.00971,13800.7143,13081.59427,13120.72486,10450.94452,7676.077709,5798.843245,4297.220188,3786.155057,3452.8709,3917.97497,3981.552739,4435.800734,4161.840314,4328.729808,7489.16509,7768.01955,10833.78364,13668.29736,13967.50997,16254.56947
12727.52116,12553.73691,11914.08036,12373.85045,11483.02966,12048.87325,11010.49227,9959.985452,6279.033232,4590.930761,3481.414801,2430.757942,2180.693694,2226.531401,1978.674173,2057.501139,2107.213453,2787.574034,3586.960179,5525.258701,8697.562414,11858.79828,15981.14857,14098.27757,14318.33292,15864.02118,14189.37669,13740.71124,13822.84841,13191.77639,13131.50328,10469.28422,7725.373112,5841.292711,4300.33118,3797.036676,3484.145313,3935.350411,4041.536614,4439.900572,4191.983879,4392.641295,7808.871554,7962.627021,10837.21991,13753.83941,14009.89007,16331.08566
12733.61305,12614.76886,11945.93328,12470.07201,11559.11113,12078.12411,11020.56035,10031.0893,6338.543673,4649.587087,3507.925089,2471.97266,2296.260055,2231.165747,1991.12824,2128.179959,2172.041392,2803.768282,3589.982937,5539.306437,8716.170213,11950.76445,16447.06085,14139.85564,14339.62073,15876.59311,14190.84397,13839.24355,13888.91274,13212.57583,13180.94066,10630.89607,7857.382666,5894.398185,4312.487988,3813.786499,3546.071195,4041.067909,4045.721073,4549.221007,4267.493709,4434.059615,7881.241845,7995.327286,10870.93826,13785.45471,14023.23268,16444.3346
12764.66288,12616.28768,11988.11771,12471.82123,11570.02632,12112.59608,11058.08896,10046.89382,6341.120024,4658.579406,3555.948802,2478.348404,2325.136674,2233.981021,1993.887542,2133.692665,2173.99747,2833.849519,3644.886099,5746.620735,8716.308806,12085.3611,16455.29559,14192.41556,14402.36237,15909.28319,14274.55131,13961.24742,13975.61913,13224.20281,13208.02681,10656.31527,8026.289682,5937.100506,4328.081038,3840.489695,3646.576571,4052.921364,4133.640893,4550.853231,4352.09732,4438.268375,7910.059458,8042.776506,10949.31035,13786.64183,14056.42761,16449.79467
12781.92308,12693.63443,12088.52102,12476.52388,11688.14471,12122.97207,11088.51632,10282.05802,6346.512391,4658.778639,3557.794553,2498.610332,2380.270445,2251.522984,2013.475524,2137.25079,2174.616736,2848.155279,3699.56617,5756.981961,8737.968276,12218.47553,16603.17047,14264.90494,14429.34067,15923.82263,14312.32571,14065.21019,14108.16146,13261.86248,13314.6161,10881.00667,8055.436675,5988.539325,4341.330334,3863.531572,3660.474184,4225.736424,4160.717195,4601.015923,4357.527612,4504.874792,7994.061852,8129.32958,11041.46864,13882.88789,14103.72984,16650.44891
12812.29646,12818.74154,12187.12651,12560.07747,11705.23577,12148.05349,11093.01971,10305.54637,6357.158011,4659.436859,3569.534691,2507.680943,2407.213759,2348.994944,2069.376858,2237.331224,2186.411923,2869.708783,3702.113597,5773.663571,8778.626606,12325.88129,16657.04395,14267.60336,14481.0429,15953.77718,14324.96794,14199.4279,14393.84461,13272.95508,13472.27869,11193.43755,8094.651079,5993.96143,4508.76512,3863.828594,3804.728461,4303.268962,4347.368823,4655.040839,4380.177008,4571.726984,8022.54308,8169.66552,11097.3184,13942.72011,14142.72425,16782.28633
12840.53332,12831.90163,12294.70627,12576.60838,11740.73987,12149.76628,11232.24628,10323.65822,6402.615008,4695.333803,3585.82177,2555.406724,2556.881738,2390.013182,2081.020417,2264.156175,2194.855697,2904.035539,3755.852935,5837.565061,8827.121572,12338.97814,16737.91766,14369.26546,14632.38673,15994.37606,14327.33062,14236.55912,14462.22277,13369.58707,13474.02443,11377.66461,8101.314435,6123.949358,4512.219878,3883.457865,3854.54428,4499.635088,4378.847074,4690.83294,4569.946248,4610.376972,8073.758423,8266.284389,11183.33793,13975.15834,14180.02198,16848.65622
12862.09326,12866.65416,12305.05181,12619.73184,11761.6466,12200.92393,11308.01641,10336.33744,6438.741939,4741.129068,3603.666953,2564.061752,2587.014176,2420.758852,2098.921577,2331.601687,2196.045112,2924.327609,3780.624464,5844.347342,9046.276573,12396.13595,16745.29797,14543.52138,14710.61721,16018.65716,14329.70827,14382.76197,14644.67497,13733.64253,13558.72987,11400.68772,8179.688543,6167.686102,4533.337258,3911.101959,4130.327924,4526.728586,4382.829245,4847.796286,4697.845347,4737.719745,8135.148998,8402.222603,11235.21042,13985.76572,14275.32522,16928.82481
13206.85523,12933.55558,12335.67465,12676.59286,11820.93435,12227.6575,11351.7826,10432.40903,6443.136418,4762.54341,3631.264816,2584.075625,2598.82586,2429.152329,2102.691483,2334.702369,2238.528221,2983.490985,3795.703606,5933.709263,9136.432557,12608.20784,16780.98342,14580.75893,14711.04446,16120.39732,14376.89947,14387.48161,14917.29839,13951.59046,13650.47755,11508.1191,8226.794724,6192.13843,4542.218852,3926.318385,4155.751276,4589.381939,4427.724502,4973.065792,4759.97037,4749.613612,8289.336303,8404.546578,11301.7253,14055.29331,14442.73078,17075.7799
13344.48727,13110.79017,12363.51522,12687.30974,11828.04984,12236.41599,11401.99971,10436.85167,6455.042793,4803.735386,3652.601306,2594.374873,2607.271615,2463.473734,2121.213579,2352.090322,2252.857682,3074.033682,3813.569729,6041.884032,9151.134877,12720.69449,16814.29194,14722.28036,14753.50852,16169.47751,14386.31109,14553.33123,15025.14801,13981.2698,13691.35008,11555.9837,8231.973184,6202.831449,4543.258591,3931.700012,4206.27176,4617.95053,4435.966395,4996.218937,4781.465628,4764.60847,8416.60237,8534.948078,11335.76414,14105.00555,14621.61892,17220.69901
13347.40906,13180.32116,12415.65911,12847.56132,11842.95852,12321.43756,11443.34128,10470.837,6558.083021,4807.90043,3682.392812,2601.096078,2625.480039,2495.811216,2140.411141,2385.138328,2269.521525,3102.119214,3934.313799,6128.669311,9208.271624,12932.92782,16882.08107,14793.72024,14753.86726,16403.30237,14388.36967,14575.50759,15042.56002,14021.04491,13737.5429,11780.68555,8268.901938,6249.489367,4577.727315,3992.794311,4246.077099,4626.549165,4462.851056,5011.388583,4957.927667,4779.380686,8449.096469,8539.091047,11495.19291,14185.18305,14621.82149,17423.08882
13398.14892,13236.32958,12451.41618,12863.53896,11882.60628,12330.59363,11555.22176,10590.60824,6575.087019,4901.167168,3686.45346,2634.69878,2661.731508,2517.148687,2142.771318,2448.795712,2274.023438,3236.002104,3988.338294,6257.275241,9212.598294,13202.75041,16889.92943,14813.62077,14791.7253,16493.02471,14541.60245,14672.83732,15111.91754,14117.10434,13753.28877,11854.01688,8293.171562,6254.11818,4626.246096,4056.943156,4295.104863,4664.074551,4554.433681,5103.878577,5012.044465,4861.831471,8471.374478,8593.894939,11498.99078,14187.41024,14751.45582,17823.00587
13571.22353,13690.75766,12621.17504,12912.01412,11945.83882,12408.98666,11571.30852,10627.62783,6583.071676,4905.661292,3724.800834,2636.161525,2705.511668,2563.118484,2170.76975,2453.81568,2292.759965,3253.802299,3997.007801,6266.253712,9237.045023,13282.51565,16979.12159,14912.51085,14846.8481,16992.47159,14663.34838,14711.48857,15279.02548,14146.51347,13760.42555,12001.4441,8351.855639,6405.231673,4723.935569,4074.354525,4296.230487,4682.13004,4558.867067,5114.571229,5053.424945,4865.453507,8542.474316,8604.990104,11506.93343,14191.9708,14784.45357,17888.81816
13630.81639,13812.82002,12663.80114,12914.02169,11954.06393,12450.9822,11616.33165,10927.11052,6597.284611,4911.623575,3742.333044,2651.522699,2765.396102,2583.935314,2173.419117,2463.129097,2295.236421,3269.468953,4052.702324,6279.198488,9380.326216,13403.81555,16985.26806,14926.41739,14861.33202,17069.77441,14758.52842,14757.86127,15386.27953,14254.29978,13766.99127,12088.55515,8443.289863,6458.714918,4802.173722,4119.5444,4310.525197,4697.24954,4612.37056,5335.277072,5281.912023,5086.387103,8564.536281,8805.87953,11520.18518,14238.78389,14805.49251,17891.18949
13678.72817,13815.31241,12666.15538,12971.06778,12080.79032,12475.09209,11669.35973,10940.17385,6635.507181,4956.102594,3767.792388,2682.938287,2810.334755,2650.409493,2250.11313,2467.494631,2311.754334,3300.4269,4080.402853,6287.803077,9409.15006,13423.58542,17083.34668,15256.5157,14961.81007,17194.78732,14849.70396,14791.30067,15469.62601,14273.49726,13874.67283,12196.5725,8479.013588,6459.975662,4813.371586,4124.145708,4376.528831,4711.407839,4948.916923,5395.915954,5413.134507,5109.780503,8594.555079,8844.465188,11651.12145,14349.16291,15053.98684,18129.7238
13814.98714,13834.96042,12725.98157,13028.9933,12095.74609,12716.94414,11694.86904,10958.66223,6764.220233,4960.802833,3768.669306,2682.982224,2853.272118,2744.00477,2273.259483,2469.814568,2331.118993,3341.56595,4194.933295,6301.587504,9469.575768,13534.48158,17133.72772,15285.38121,15122.56799,17244.03662,15153.11834,14803.20955,15544.57813,14389.32105,13876.67748,12227.24503,8483.024234,6470.821908,4868.906293,4252.625277,4379.324168,4726.886112,4949.805296,5512.524311,5437.08653,5132.415306,8764.491151,9032.821353,11695.07286,14370.89117,15136.75821,18196.61549
